gplink-2.2.34 (Jun  1 2022)
Listing File Generated: 2026-10-6  11:53:22
 
 
Address  Value    Disassembly              Source
-------  -----    -----------              ------
                                           ;--------------------------------------------------------
                                           ; external declarations
                                           ;--------------------------------------------------------
                                           	extern	_INDF0bits
                                           	extern	_INDF1bits
                                           	extern	_INDF2bits
                                           	extern	_HIBYTEbits
                                           	extern	_FSR0bits
                                           	extern	_FSR1bits
                                           	extern	_PCLbits
                                           	extern	_PFLAGbits
                                           	extern	_MCRbits
                                           	extern	_INDF3bits
                                           	extern	_INTEbits
                                           	extern	_INTFbits
                                           	extern	_DRVCRbits
                                           	extern	_P0KBCRbits
                                           	extern	_P1KBCRbits
                                           	extern	_P2KBCRbits
                                           	extern	_IOP0bits
                                           	extern	_OEP0bits
                                           	extern	_PUP0bits
                                           	extern	_PDP0bits
                                           	extern	_IOP1bits
                                           	extern	_OEP1bits
                                           	extern	_PUP1bits
                                           	extern	_PDP1bits
                                           	extern	_T0CRbits
                                           	extern	_T0CNTbits
                                           	extern	_T0LOADbits
                                           	extern	_T0DATAbits
                                           	extern	_T1CRbits
                                           	extern	_T1CNTbits
                                           	extern	_T1LOADbits
                                           	extern	_T1DATAbits
                                           	extern	_T2CRbits
                                           	extern	_T2CNTbits
                                           	extern	_T2LOADbits
                                           	extern	_T2DATAbits
                                           	extern	_T3CRbits
                                           	extern	_T3CNTbits
                                           	extern	_T3LOADbits
                                           	extern	_PWM0DRbits
                                           	extern	_PWM1DRbits
                                           	extern	_PWM2DRbits
                                           	extern	_PWMCR0bits
                                           	extern	_PWMCR1bits
                                           	extern	_OSCMRbits
                                           	extern	_LVDCRbits
                                           	extern	_ADCR0bits
                                           	extern	_ADCR1bits
                                           	extern	_ADCR2bits
                                           	extern	_OSADJCRbits
                                           	extern	_ADRHbits
                                           	extern	_ADRLbits
                                           	extern	_P0ADCRbits
                                           	extern	_P1ADCRbits
                                           	extern	_IOP2bits
                                           	extern	_OEP2bits
                                           	extern	_PUP2bits
                                           	extern	_PDP2bits
                                           	extern	_PMODbits
                                           	extern	_PWMCR3bits
                                           	extern	_PWMCR2bits
                                           	extern	_PFRCCRbits
                                           	extern	_PFRCCALbits
                                           	extern	_EECRbits
                                           	extern	_EEPRbits
                                           	extern	_EEARbits
                                           	extern	_EEDRHbits
                                           	extern	_EEDRLbits
                                           	extern	_DBGCRbits
                                           	extern	_DBGPRbits
                                           	extern	_HIRCCALbits
                                           	extern	_INDF0
                                           	extern	_INDF1
                                           	extern	_INDF2
                                           	extern	_HIBYTE
                                           	extern	_FSR0
                                           	extern	_FSR1
                                           	extern	_PCL
                                           	extern	_PFLAG
                                           	extern	_MCR
                                           	extern	_INDF3
                                           	extern	_INTE
                                           	extern	_INTF
                                           	extern	_DRVCR
                                           	extern	_P0KBCR
                                           	extern	_P1KBCR
                                           	extern	_P2KBCR
                                           	extern	_IOP0
                                           	extern	_OEP0
                                           	extern	_PUP0
                                           	extern	_PDP0
                                           	extern	_IOP1
                                           	extern	_OEP1
                                           	extern	_PUP1
                                           	extern	_PDP1
                                           	extern	_T0CR
                                           	extern	_T0CNT
                                           	extern	_T0LOAD
                                           	extern	_T0DATA
                                           	extern	_T1CR
                                           	extern	_T1CNT
                                           	extern	_T1LOAD
                                           	extern	_T1DATA
                                           	extern	_T2CR
                                           	extern	_T2CNT
                                           	extern	_T2LOAD
                                           	extern	_T2DATA
                                           	extern	_T3CR
                                           	extern	_T3CNT
                                           	extern	_T3LOAD
                                           	extern	_PWM0DR
                                           	extern	_PWM1DR
                                           	extern	_PWM2DR
                                           	extern	_PWMCR0
                                           	extern	_PWMCR1
                                           	extern	_OSCMR
                                           	extern	_LVDCR
                                           	extern	_ADCR0
                                           	extern	_ADCR1
                                           	extern	_ADCR2
                                           	extern	_OSADJCR
                                           	extern	_ADRH
                                           	extern	_ADRL
                                           	extern	_P0ADCR
                                           	extern	_P1ADCR
                                           	extern	_IOP2
                                           	extern	_OEP2
                                           	extern	_PUP2
                                           	extern	_PDP2
                                           	extern	_PMOD
                                           	extern	_PWMCR3
                                           	extern	_PWMCR2
                                           	extern	_PFRCCR
                                           	extern	_PFRCCAL
                                           	extern	_EECR
                                           	extern	_EEPR
                                           	extern	_EEAR
                                           	extern	_EEDRH
                                           	extern	_EEDRL
                                           	extern	_DBGCR
                                           	extern	_DBGPR
                                           	extern	_HIRCCAL
                                           	extern	__gptrget2
                                           ;--------------------------------------------------------
                                           ; global declarations
                                           ;--------------------------------------------------------
                                           	global	_Sys_Init
                                           	global	_IO_Init
                                           	global	_CLR_RAM
                                           	global	_delay_ms
                                           	global	_adc_config
                                           	global	_adc_convert
                                           	global	_timer0_config
                                           	global	_led_show_buf_update
                                           	global	_led_show_refresh
                                           	global	_main
                                           	global	_int_isr
                                           	global	_adc_val_buf
                                           	global	_adc_val_buf_cnt
                                           	global	_is_adc_val_buf_initialized
                                           	global	_adc_sum
                                           	global	_adc_get_filter_val_cnt
                                           	global	_tmp_val_u16
                                           	global	_led_show_buff
                                           	global	_i
                                           	global	_last_fuel_lev
                                           	global	_cur_fuel_lev
                                           	global	_low_fuel_alert_enter_cnt
                                           	global	_low_fuel_alert_exit_cnt
                                           	global	_adc_val
                                           	global	_led_refresh_time_cnt
                                           	global	_abuf
                                           	global	_statusbuf
                                           	global	_flag1
                                           	global	_adc_val_cmp_table
                                           
                                           	global STK06
                                           	global STK05
                                           	global STK04
                                           	global STK03
                                           	global STK02
                                           	global STK01
                                           	global STK00
                                           
                                           sharebank udata_ovr 0x0000
                                           STK06	res 1
                                           STK05	res 1
                                           STK04	res 1
                                           STK03	res 1
                                           STK02	res 1
                                           STK01	res 1
                                           STK00	res 1
                                           
                                           ;--------------------------------------------------------
                                           ; global definitions
                                           ;--------------------------------------------------------
                                           UD_MC32F7361_0	udata
                                           _led_show_buff	res	10
                                           
                                           UD_MC32F7361_1	udata
                                           _i	res	1
                                           
                                           UD_MC32F7361_2	udata
                                           _last_fuel_lev	res	1
                                           
                                           UD_MC32F7361_3	udata
                                           _cur_fuel_lev	res	1
                                           
                                           UD_MC32F7361_4	udata
                                           _low_fuel_alert_enter_cnt	res	1
                                           
                                           UD_MC32F7361_5	udata
                                           _low_fuel_alert_exit_cnt	res	1
                                           
                                           UD_MC32F7361_6	udata
                                           _adc_val	res	2
                                           
                                           UD_MC32F7361_7	udata
                                           _led_refresh_time_cnt	res	2
                                           
                                           UD_MC32F7361_8	udata
                                           _abuf	res	1
                                           
                                           UD_MC32F7361_9	udata
                                           _statusbuf	res	1
                                           
                                           UD_MC32F7361_10	udata
                                           _flag1	res	1
                                           
                                           ;--------------------------------------------------------
                                           ; absolute symbol definitions
                                           ;--------------------------------------------------------
                                           ;--------------------------------------------------------
                                           ; compiler-defined variables
                                           ;--------------------------------------------------------
                                           UDL_MC32F7361_0	udata
                                           r0x103F	res	1
                                           r0x103E	res	1
                                           r0x103D	res	1
                                           r0x103C	res	1
                                           r0x1040	res	1
                                           r0x1041	res	1
                                           r0x1042	res	1
                                           r0x1043	res	1
                                           r0x1044	res	1
                                           r0x1045	res	1
                                           r0x1046	res	1
                                           r0x1047	res	1
                                           r0x1048	res	1
                                           r0x1049	res	1
                                           r0x104A	res	1
                                           r0x104B	res	1
                                           r0x104C	res	1
                                           r0x104D	res	1
                                           r0x104E	res	1
                                           ;--------------------------------------------------------
                                           ; initialized data
                                           ;--------------------------------------------------------
                                           
                                           ID_MC32F7361_0	idata
                                           _adc_val_buf
                                           	db	0x00, 0x00
                                           	db	0x00, 0x00
                                           	db	0x00, 0x00
                                           	db	0x00, 0x00
                                           	db	0x00, 0x00
                                           	db	0x00, 0x00
                                           	db	0x00, 0x00
                                           	db	0x00, 0x00
                                           	db	0x00, 0x00
                                           	db	0x00, 0x00
                                           	db	0x00, 0x00
                                           	db	0x00, 0x00
                                           	db	0x00, 0x00
                                           	db	0x00, 0x00
                                           	db	0x00, 0x00
                                           	db	0x00, 0x00
                                           
                                           
                                           ID_MC32F7361_1	idata
                                           _adc_val_buf_cnt
                                           	db	0x00
                                           
                                           
                                           ID_MC32F7361_2	idata
                                           _is_adc_val_buf_initialized
                                           	db	0x00
                                           
                                           
                                           ID_MC32F7361_3	idata
                                           _adc_sum
                                           	db	0x00, 0x00
                                           
                                           
                                           ID_MC32F7361_4	idata
                                           _adc_get_filter_val_cnt
                                           	db	0x00, 0x00
                                           
                                           
                                           ID_MC32F7361_5	idata
                                           _tmp_val_u16
                                           	db	0x00, 0x00
                                           
                                           
                                           ID_MC32F7361_6	code
                                           _adc_val_cmp_table
00030c   00dd     dw      0xdd             	dw 0xdd
00030d   0000     nop                      	dw 0x00
00030e   00ba     dw      0xba             	dw 0xba
00030f   0001     dw      0x1              	dw 0x01
000310   0097     dw      0x97             	dw 0x97
000311   0002     dw      0x2              	dw 0x02
000312   0074     dw      0x74             	dw 0x74
000313   0003     dw      0x3              	dw 0x03
000314   0051     dw      0x51             	dw 0x51
000315   0004     dw      0x4              	dw 0x04
000316   002e     dw      0x2e             	dw 0x2e
000317   0005     dw      0x5              	dw 0x05
000318   000b     stop                     	dw 0x0b
000319   0006     dw      0x6              	dw 0x06
00031a   00e8     dw      0xe8             	dw 0xe8
00031b   0006     dw      0x6              	dw 0x06
00031c   00c5     dw      0xc5             	dw 0xc5
00031d   0007     dw      0x7              	dw 0x07
00031e   00a3     dw      0xa3             	dw 0xa3
00031f   0008     dw      0x8              	dw 0x08
                                           
                                           
                                           ;@Allocation info for local variables in function 'delay_ms'
                                           ;@delay_ms Sys_Init                  Allocated to registers ;size:2
                                           ;@delay_ms CLR_RAM                   Allocated to registers ;size:2
                                           ;@delay_ms IO_Init                   Allocated to registers ;size:2
                                           ;@delay_ms delay_ms                  Allocated to registers ;size:2
                                           ;@delay_ms INDF0bits                 Allocated to registers ;size:1
                                           ;@delay_ms INDF1bits                 Allocated to registers ;size:1
                                           ;@delay_ms INDF2bits                 Allocated to registers ;size:1
                                           ;@delay_ms HIBYTEbits                Allocated to registers ;size:1
                                           ;@delay_ms FSR0bits                  Allocated to registers ;size:1
                                           ;@delay_ms FSR1bits                  Allocated to registers ;size:1
                                           ;@delay_ms PCLbits                   Allocated to registers ;size:1
                                           ;@delay_ms PFLAGbits                 Allocated to registers ;size:1
                                           ;@delay_ms MCRbits                   Allocated to registers ;size:1
                                           ;@delay_ms INDF3bits                 Allocated to registers ;size:1
                                           ;@delay_ms INTEbits                  Allocated to registers ;size:1
                                           ;@delay_ms INTFbits                  Allocated to registers ;size:1
                                           ;@delay_ms DRVCRbits                 Allocated to registers ;size:1
                                           ;@delay_ms P0KBCRbits                Allocated to registers ;size:1
                                           ;@delay_ms P1KBCRbits                Allocated to registers ;size:1
                                           ;@delay_ms P2KBCRbits                Allocated to registers ;size:1
                                           ;@delay_ms IOP0bits                  Allocated to registers ;size:1
                                           ;@delay_ms OEP0bits                  Allocated to registers ;size:1
                                           ;@delay_ms PUP0bits                  Allocated to registers ;size:1
                                           ;@delay_ms PDP0bits                  Allocated to registers ;size:1
                                           ;@delay_ms IOP1bits                  Allocated to registers ;size:1
                                           ;@delay_ms OEP1bits                  Allocated to registers ;size:1
                                           ;@delay_ms PUP1bits                  Allocated to registers ;size:1
                                           ;@delay_ms PDP1bits                  Allocated to registers ;size:1
                                           ;@delay_ms T0CRbits                  Allocated to registers ;size:1
                                           ;@delay_ms T0CNTbits                 Allocated to registers ;size:1
                                           ;@delay_ms T0LOADbits                Allocated to registers ;size:1
                                           ;@delay_ms T0DATAbits                Allocated to registers ;size:1
                                           ;@delay_ms T1CRbits                  Allocated to registers ;size:1
                                           ;@delay_ms T1CNTbits                 Allocated to registers ;size:1
                                           ;@delay_ms T1LOADbits                Allocated to registers ;size:1
                                           ;@delay_ms T1DATAbits                Allocated to registers ;size:1
                                           ;@delay_ms T2CRbits                  Allocated to registers ;size:1
                                           ;@delay_ms T2CNTbits                 Allocated to registers ;size:1
                                           ;@delay_ms T2LOADbits                Allocated to registers ;size:1
                                           ;@delay_ms T2DATAbits                Allocated to registers ;size:1
                                           ;@delay_ms T3CRbits                  Allocated to registers ;size:1
                                           ;@delay_ms T3CNTbits                 Allocated to registers ;size:1
                                           ;@delay_ms T3LOADbits                Allocated to registers ;size:1
                                           ;@delay_ms PWM0DRbits                Allocated to registers ;size:1
                                           ;@delay_ms PWM1DRbits                Allocated to registers ;size:1
                                           ;@delay_ms PWM2DRbits                Allocated to registers ;size:1
                                           ;@delay_ms PWMCR0bits                Allocated to registers ;size:1
                                           ;@delay_ms PWMCR1bits                Allocated to registers ;size:1
                                           ;@delay_ms OSCMRbits                 Allocated to registers ;size:1
                                           ;@delay_ms LVDCRbits                 Allocated to registers ;size:1
                                           ;@delay_ms ADCR0bits                 Allocated to registers ;size:1
                                           ;@delay_ms ADCR1bits                 Allocated to registers ;size:1
                                           ;@delay_ms ADCR2bits                 Allocated to registers ;size:1
                                           ;@delay_ms OSADJCRbits               Allocated to registers ;size:1
                                           ;@delay_ms ADRHbits                  Allocated to registers ;size:1
                                           ;@delay_ms ADRLbits                  Allocated to registers ;size:1
                                           ;@delay_ms P0ADCRbits                Allocated to registers ;size:1
                                           ;@delay_ms P1ADCRbits                Allocated to registers ;size:1
                                           ;@delay_ms IOP2bits                  Allocated to registers ;size:1
                                           ;@delay_ms OEP2bits                  Allocated to registers ;size:1
                                           ;@delay_ms PUP2bits                  Allocated to registers ;size:1
                                           ;@delay_ms PDP2bits                  Allocated to registers ;size:1
                                           ;@delay_ms PMODbits                  Allocated to registers ;size:1
                                           ;@delay_ms PWMCR3bits                Allocated to registers ;size:1
                                           ;@delay_ms PWMCR2bits                Allocated to registers ;size:1
                                           ;@delay_ms PFRCCRbits                Allocated to registers ;size:1
                                           ;@delay_ms PFRCCALbits               Allocated to registers ;size:1
                                           ;@delay_ms EECRbits                  Allocated to registers ;size:1
                                           ;@delay_ms EEPRbits                  Allocated to registers ;size:1
                                           ;@delay_ms EEARbits                  Allocated to registers ;size:1
                                           ;@delay_ms EEDRHbits                 Allocated to registers ;size:1
                                           ;@delay_ms EEDRLbits                 Allocated to registers ;size:1
                                           ;@delay_ms DBGCRbits                 Allocated to registers ;size:1
                                           ;@delay_ms DBGPRbits                 Allocated to registers ;size:1
                                           ;@delay_ms HIRCCALbits               Allocated to registers ;size:1
                                           ;@delay_ms adc_val_buf               Allocated to registers ;size:32
                                           ;@delay_ms adc_val_buf_cnt           Allocated to registers ;size:1
                                           ;@delay_ms is_adc_val_buf_initialized Allocated to registers ;size:1
                                           ;@delay_ms adc_sum                   Allocated to registers ;size:2
                                           ;@delay_ms adc_get_filter_val_cnt    Allocated to registers ;size:2
                                           ;@delay_ms tmp_val_u16               Allocated to registers ;size:2
                                           ;@delay_ms led_show_buff             Allocated to registers ;size:10
                                           ;@delay_ms i                         Allocated to registers ;size:1
                                           ;@delay_ms last_fuel_lev             Allocated to registers ;size:1
                                           ;@delay_ms cur_fuel_lev              Allocated to registers ;size:1
                                           ;@delay_ms low_fuel_alert_enter_cnt  Allocated to registers ;size:1
                                           ;@delay_ms low_fuel_alert_exit_cnt   Allocated to registers ;size:1
                                           ;@delay_ms adc_val                   Allocated to registers ;size:2
                                           ;@delay_ms led_refresh_time_cnt      Allocated to registers ;size:2
                                           ;@delay_ms abuf                      Allocated to registers ;size:1
                                           ;@delay_ms statusbuf                 Allocated to registers ;size:1
                                           ;@delay_ms flag1                     Allocated to registers ;size:1
                                           ;@delay_ms xms                       Allocated to registers ;size:4
                                           ;@delay_ms i                         Allocated to registers r0x1040 r0x1041 r0x1042 r0x1043 ;size:4
                                           ;@delay_ms INDF0                     Allocated to registers ;size:1
                                           ;@delay_ms INDF1                     Allocated to registers ;size:1
                                           ;@delay_ms INDF2                     Allocated to registers ;size:1
                                           ;@delay_ms HIBYTE                    Allocated to registers ;size:1
                                           ;@delay_ms FSR0                      Allocated to registers ;size:1
                                           ;@delay_ms FSR1                      Allocated to registers ;size:1
                                           ;@delay_ms PCL                       Allocated to registers ;size:1
                                           ;@delay_ms PFLAG                     Allocated to registers ;size:1
                                           ;@delay_ms MCR                       Allocated to registers ;size:1
                                           ;@delay_ms INDF3                     Allocated to registers ;size:1
                                           ;@delay_ms INTE                      Allocated to registers ;size:1
                                           ;@delay_ms INTF                      Allocated to registers ;size:1
                                           ;@delay_ms DRVCR                     Allocated to registers ;size:1
                                           ;@delay_ms P0KBCR                    Allocated to registers ;size:1
                                           ;@delay_ms P1KBCR                    Allocated to registers ;size:1
                                           ;@delay_ms P2KBCR                    Allocated to registers ;size:1
                                           ;@delay_ms IOP0                      Allocated to registers ;size:1
                                           ;@delay_ms OEP0                      Allocated to registers ;size:1
                                           ;@delay_ms PUP0                      Allocated to registers ;size:1
                                           ;@delay_ms PDP0                      Allocated to registers ;size:1
                                           ;@delay_ms IOP1                      Allocated to registers ;size:1
                                           ;@delay_ms OEP1                      Allocated to registers ;size:1
                                           ;@delay_ms PUP1                      Allocated to registers ;size:1
                                           ;@delay_ms PDP1                      Allocated to registers ;size:1
                                           ;@delay_ms T0CR                      Allocated to registers ;size:1
                                           ;@delay_ms T0CNT                     Allocated to registers ;size:1
                                           ;@delay_ms T0LOAD                    Allocated to registers ;size:1
                                           ;@delay_ms T0DATA                    Allocated to registers ;size:1
                                           ;@delay_ms T1CR                      Allocated to registers ;size:1
                                           ;@delay_ms T1CNT                     Allocated to registers ;size:1
                                           ;@delay_ms T1LOAD                    Allocated to registers ;size:1
                                           ;@delay_ms T1DATA                    Allocated to registers ;size:1
                                           ;@delay_ms T2CR                      Allocated to registers ;size:1
                                           ;@delay_ms T2CNT                     Allocated to registers ;size:1
                                           ;@delay_ms T2LOAD                    Allocated to registers ;size:1
                                           ;@delay_ms T2DATA                    Allocated to registers ;size:1
                                           ;@delay_ms T3CR                      Allocated to registers ;size:1
                                           ;@delay_ms T3CNT                     Allocated to registers ;size:1
                                           ;@delay_ms T3LOAD                    Allocated to registers ;size:1
                                           ;@delay_ms PWM0DR                    Allocated to registers ;size:1
                                           ;@delay_ms PWM1DR                    Allocated to registers ;size:1
                                           ;@delay_ms PWM2DR                    Allocated to registers ;size:1
                                           ;@delay_ms PWMCR0                    Allocated to registers ;size:1
                                           ;@delay_ms PWMCR1                    Allocated to registers ;size:1
                                           ;@delay_ms OSCMR                     Allocated to registers ;size:1
                                           ;@delay_ms LVDCR                     Allocated to registers ;size:1
                                           ;@delay_ms ADCR0                     Allocated to registers ;size:1
                                           ;@delay_ms ADCR1                     Allocated to registers ;size:1
                                           ;@delay_ms ADCR2                     Allocated to registers ;size:1
                                           ;@delay_ms OSADJCR                   Allocated to registers ;size:1
                                           ;@delay_ms ADRH                      Allocated to registers ;size:1
                                           ;@delay_ms ADRL                      Allocated to registers ;size:1
                                           ;@delay_ms P0ADCR                    Allocated to registers ;size:1
                                           ;@delay_ms P1ADCR                    Allocated to registers ;size:1
                                           ;@delay_ms IOP2                      Allocated to registers ;size:1
                                           ;@delay_ms OEP2                      Allocated to registers ;size:1
                                           ;@delay_ms PUP2                      Allocated to registers ;size:1
                                           ;@delay_ms PDP2                      Allocated to registers ;size:1
                                           ;@delay_ms PMOD                      Allocated to registers ;size:1
                                           ;@delay_ms PWMCR3                    Allocated to registers ;size:1
                                           ;@delay_ms PWMCR2                    Allocated to registers ;size:1
                                           ;@delay_ms PFRCCR                    Allocated to registers ;size:1
                                           ;@delay_ms PFRCCAL                   Allocated to registers ;size:1
                                           ;@delay_ms EECR                      Allocated to registers ;size:1
                                           ;@delay_ms EEPR                      Allocated to registers ;size:1
                                           ;@delay_ms EEAR                      Allocated to registers ;size:1
                                           ;@delay_ms EEDRH                     Allocated to registers ;size:1
                                           ;@delay_ms EEDRL                     Allocated to registers ;size:1
                                           ;@delay_ms DBGCR                     Allocated to registers ;size:1
                                           ;@delay_ms DBGPR                     Allocated to registers ;size:1
                                           ;@delay_ms HIRCCAL                   Allocated to registers ;size:1
                                           ;@end Allocation info for local variables in function 'delay_ms';
                                           ;@Allocation info for local variables in function 'CLR_RAM'
                                           ;@end Allocation info for local variables in function 'CLR_RAM';
                                           ;@Allocation info for local variables in function 'IO_Init'
                                           ;@end Allocation info for local variables in function 'IO_Init';
                                           ;@Allocation info for local variables in function 'adc_config'
                                           ;@end Allocation info for local variables in function 'adc_config';
                                           ;@Allocation info for local variables in function 'adc_convert'
                                           ;@adc_convert i                         Allocated to registers r0x103E ;size:1
                                           ;@adc_convert val                       Allocated to registers r0x103F ;size:1
                                           ;@adc_convert ret                       Allocated to registers r0x103C r0x103D ;size:2
                                           ;@end Allocation info for local variables in function 'adc_convert';
                                           ;@Allocation info for local variables in function 'timer0_config'
                                           ;@end Allocation info for local variables in function 'timer0_config';
                                           ;@Allocation info for local variables in function 'Sys_Init'
                                           ;@end Allocation info for local variables in function 'Sys_Init';
                                           ;@Allocation info for local variables in function 'led_show_buf_update'
                                           ;@led_show_buf_update led_show_range            Allocated to registers r0x103C ;size:1
                                           ;@end Allocation info for local variables in function 'led_show_buf_update';
                                           ;@Allocation info for local variables in function 'led_show_refresh'
                                           ;@end Allocation info for local variables in function 'led_show_refresh';
                                           ;@Allocation info for local variables in function 'main'
                                           ;@end Allocation info for local variables in function 'main';
                                           ;@Allocation info for local variables in function 'int_isr'
                                           ;@end Allocation info for local variables in function 'int_isr';
                                           
                                           ;--------------------------------------------------------
                                           ; overlayable items in internal ram 
                                           ;--------------------------------------------------------
                                           ;	udata_ovr
                                           ;--------------------------------------------------------
                                           ; reset vector 
                                           ;--------------------------------------------------------
                                           STARTUP	code 0x0000
000000   a033     goto    0x33             	goto	_main
                                           ;--------------------------------------------------------
                                           ; interrupt and initialization code
                                           ;--------------------------------------------------------
                                           c_interrupt	code	0x8
                                           __sdcc_interrupt
                                           ;***
                                           ;  pBlock Stats: dbName = I
                                           ;***
                                           ;entry:  _int_isr	;Function start
                                           ; 0 exit points
                                           ;2 compiler assigned registers:
                                           ;   r0x104D
                                           ;   r0x104E
                                           ;; Starting pCode block
                                           _int_isr	;Function start
                                           ; 0 exit points
                                           ;	.line	549; "MC32F7361.c"	__endasm;
                                           	;
000008   5653     movra   0x53             	movra	_abuf;
000009   4587     swapar  0x187            	swapar	_PFLAG;
00000a   5654     movra   0x54             	movra	_statusbuf;
                                           	
                                           ;	.line	551; "MC32F7361.c"	if (T0IF & T0IE) {
00000b   7638     clrr    0x38             	CLRR	r0x104D
00000c   f18b     jbclr   0x18b, 0         	JBCLR	_INTFbits,0
00000d   6638     incr    0x38             	INCR	r0x104D
00000e   7639     clrr    0x39             	CLRR	r0x104E
00000f   f18a     jbclr   0x18a, 0         	JBCLR	_INTEbits,0
000010   6639     incr    0x39             	INCR	r0x104E
000011   5839     movar   0x39             	MOVAR	r0x104E
000012   7a38     andra   0x38             	ANDRA	r0x104D
000013   3c00     movai   0                	MOVAI	0x00
000014   5c38     orar    0x38             	ORAR	r0x104D
000015   f587     jbclr   0x187, 0x2       	JBCLR	PFLAG,2
000016   a02e     goto    0x2e             	GOTO	_00375_DS_
                                           ;	.line	552; "MC32F7361.c"	T0IF = 0; // 清除中断标志
000017   d18b     bclr    0x18b, 0         	BCLR	_INTFbits,0
                                           ;;unsigned compare: left < lit(0xFFFF=65535), size=2
                                           ;	.line	554; "MC32F7361.c"	if (adc_get_filter_val_cnt < ((u16)-1)) {
000018   3cff     movai   0xff             	MOVAI	0xff
000019   484b     rsubar  0x4b             	RSUBAR	(_adc_get_filter_val_cnt + 1)
00001a   e587     jbset   0x187, 0x2       	JBSET	PFLAG,2
00001b   a01e     goto    0x1e             	GOTO	_00390_DS_
00001c   3cff     movai   0xff             	MOVAI	0xff
00001d   484a     rsubar  0x4a             	RSUBAR	_adc_get_filter_val_cnt
                                           _00390_DS_
00001e   f187     jbclr   0x187, 0         	JBCLR	PFLAG,0
00001f   a023     goto    0x23             	GOTO	_00371_DS_
                                           ;;genSkipc:3291: created from rifx:013B5EFC
                                           ;	.line	555; "MC32F7361.c"	adc_get_filter_val_cnt++;
000020   664a     incr    0x4a             	INCR	_adc_get_filter_val_cnt
000021   f587     jbclr   0x187, 0x2       	JBCLR	PFLAG,2
000022   664b     incr    0x4b             	INCR	(_adc_get_filter_val_cnt + 1)
                                           ;;unsigned compare: left < lit(0xFFFF=65535), size=2
                                           _00371_DS_
                                           ;	.line	558; "MC32F7361.c"	if (led_refresh_time_cnt < ((u16)-1)) {
000023   3cff     movai   0xff             	MOVAI	0xff
000024   4847     rsubar  0x47             	RSUBAR	(_led_refresh_time_cnt + 1)
000025   e587     jbset   0x187, 0x2       	JBSET	PFLAG,2
000026   a029     goto    0x29             	GOTO	_00391_DS_
000027   3cff     movai   0xff             	MOVAI	0xff
000028   4846     rsubar  0x46             	RSUBAR	_led_refresh_time_cnt
                                           _00391_DS_
000029   f187     jbclr   0x187, 0         	JBCLR	PFLAG,0
00002a   a02e     goto    0x2e             	GOTO	_00375_DS_
                                           ;;genSkipc:3291: created from rifx:013B5EFC
                                           ;	.line	559; "MC32F7361.c"	led_refresh_time_cnt++;
00002b   6646     incr    0x46             	INCR	_led_refresh_time_cnt
00002c   f587     jbclr   0x187, 0x2       	JBCLR	PFLAG,2
00002d   6647     incr    0x47             	INCR	(_led_refresh_time_cnt + 1)
                                           _00375_DS_
                                           ;	.line	568; "MC32F7361.c"	__endasm;
                                           	;
00002e   4454     swapar  0x54             	swapar	_statusbuf;
00002f   5787     movra   0x187            	movra	_PFLAG;
000030   4653     swapr   0x53             	swapr	_abuf;
000031   4453     swapar  0x53             	swapar	_abuf;
                                           	
                                           END_OF_INTERRUPT
                                           ;	.line	569; "MC32F7361.c"	}
000032   000d     retie                    	RETIE	
                                           
                                           ;--------------------------------------------------------
                                           ; code
                                           ;--------------------------------------------------------
                                           code_MC32F7361	code
                                           ;***
                                           ;  pBlock Stats: dbName = M
                                           ;***
                                           ;entry:  _main	;Function start
                                           ; 2 exit points
                                           ;has an exit
                                           ;functions called:
                                           ;   _Sys_Init
                                           ;   _led_show_buf_update
                                           ;   _led_show_refresh
                                           ;   _delay_ms
                                           ;   _led_show_buf_update
                                           ;   _led_show_refresh
                                           ;   _delay_ms
                                           ;   _adc_convert
                                           ;   __gptrget2
                                           ;   _led_show_buf_update
                                           ;   _led_show_refresh
                                           ;   _led_show_buf_update
                                           ;   _led_show_buf_update
                                           ;   _led_show_refresh
                                           ;   _led_show_buf_update
                                           ;   _led_show_refresh
                                           ;   _Sys_Init
                                           ;   _led_show_buf_update
                                           ;   _led_show_refresh
                                           ;   _delay_ms
                                           ;   _led_show_buf_update
                                           ;   _led_show_refresh
                                           ;   _delay_ms
                                           ;   _adc_convert
                                           ;   __gptrget2
                                           ;   _led_show_buf_update
                                           ;   _led_show_refresh
                                           ;   _led_show_buf_update
                                           ;   _led_show_buf_update
                                           ;   _led_show_refresh
                                           ;   _led_show_buf_update
                                           ;   _led_show_refresh
                                           ;7 compiler assigned registers:
                                           ;   STK02
                                           ;   STK01
                                           ;   STK00
                                           ;   r0x1049
                                           ;   r0x104A
                                           ;   r0x104B
                                           ;   r0x104C
                                           ;; Starting pCode block
                                           _main	;Function start
                                           ; 2 exit points
                                           ;	.line	370; "MC32F7361.c"	Sys_Init();
000033   81f3     call    0x1f3            	CALL	_Sys_Init
                                           ;	.line	373; "MC32F7361.c"	led_show_buf_update(ARRAY_SIZE(led_show_buff));
000034   3c0a     movai   0xa              	MOVAI	0x0a
000035   81ab     call    0x1ab            	CALL	_led_show_buf_update
                                           ;	.line	374; "MC32F7361.c"	led_show_refresh();
000036   8164     call    0x164            	CALL	_led_show_refresh
                                           ;	.line	375; "MC32F7361.c"	delay_ms(1000);
000037   3ce8     movai   0xe8             	MOVAI	0xe8
000038   5604     movra   0x4              	MOVRA	STK02
000039   3c03     movai   0x3              	MOVAI	0x03
00003a   5605     movra   0x5              	MOVRA	STK01
00003b   3c00     movai   0                	MOVAI	0x00
00003c   5606     movra   0x6              	MOVRA	STK00
00003d   3c00     movai   0                	MOVAI	0x00
00003e   826f     call    0x26f            	CALL	_delay_ms
                                           ;	.line	378; "MC32F7361.c"	led_show_buf_update(1);
00003f   3c01     movai   0x1              	MOVAI	0x01
000040   81ab     call    0x1ab            	CALL	_led_show_buf_update
                                           ;	.line	379; "MC32F7361.c"	led_show_refresh();
000041   8164     call    0x164            	CALL	_led_show_refresh
                                           ;	.line	380; "MC32F7361.c"	delay_ms(500);
000042   3cf4     movai   0xf4             	MOVAI	0xf4
000043   5604     movra   0x4              	MOVRA	STK02
000044   3c01     movai   0x1              	MOVAI	0x01
000045   5605     movra   0x5              	MOVRA	STK01
000046   3c00     movai   0                	MOVAI	0x00
000047   5606     movra   0x6              	MOVRA	STK00
000048   3c00     movai   0                	MOVAI	0x00
000049   826f     call    0x26f            	CALL	_delay_ms
                                           ;	.line	383; "MC32F7361.c"	last_fuel_lev = 1;
00004a   3c01     movai   0x1              	MOVAI	0x01
00004b   564f     movra   0x4f             	MOVRA	_last_fuel_lev
                                           ;	.line	384; "MC32F7361.c"	cur_fuel_lev = 1;
00004c   3c01     movai   0x1              	MOVAI	0x01
00004d   5650     movra   0x50             	MOVRA	_cur_fuel_lev
                                           _00241_DS_
                                           ;	.line	387; "MC32F7361.c"	tmp_val_u16 = adc_convert();
00004e   8200     call    0x200            	CALL	_adc_convert
00004f   564d     movra   0x4d             	MOVRA	(_tmp_val_u16 + 1)
000050   5806     movar   0x6              	MOVAR	STK00
000051   564c     movra   0x4c             	MOVRA	_tmp_val_u16
                                           ;	.line	395; "MC32F7361.c"	if (0 == is_adc_val_buf_initialized) {
000052   3c00     movai   0                	MOVAI	0x00
000053   5c57     orar    0x57             	ORAR	_is_adc_val_buf_initialized
000054   e587     jbset   0x187, 0x2       	JBSET	PFLAG,2
000055   a076     goto    0x76             	GOTO	_00201_DS_
                                           ;	.line	397; "MC32F7361.c"	is_adc_val_buf_initialized = 1;
000056   3c01     movai   0x1              	MOVAI	0x01
000057   5657     movra   0x57             	MOVRA	_is_adc_val_buf_initialized
                                           ;	.line	398; "MC32F7361.c"	for (i = 0; i < ARRAY_SIZE(adc_val_buf); i++) {
000058   764e     clrr    0x4e             	CLRR	_i
                                           ;;unsigned compare: left < lit(0x10=16), size=1
                                           _00244_DS_
000059   3c10     movai   0x10             	MOVAI	0x10
00005a   484e     rsubar  0x4e             	RSUBAR	_i
00005b   f187     jbclr   0x187, 0         	JBCLR	PFLAG,0
00005c   a074     goto    0x74             	GOTO	_00197_DS_
                                           ;;genSkipc:3291: created from rifx:013B5EFC
                                           ;	.line	399; "MC32F7361.c"	adc_val_buf[i] = tmp_val_u16;
00005d   d187     bclr    0x187, 0         	BCLR	PFLAG,0
00005e   504e     rlar    0x4e             	RLAR	_i
00005f   5634     movra   0x34             	MOVRA	r0x1049
000060   5834     movar   0x34             	MOVAR	r0x1049
000061   3f07     addai   0x7              	ADDAI	(_adc_val_buf + 0)
000062   5634     movra   0x34             	MOVRA	r0x1049
000063   3c00     movai   0                	MOVAI	high (_adc_val_buf + 0)
000064   f187     jbclr   0x187, 0         	JBCLR	PFLAG,0
000065   3f01     addai   0x1              	ADDAI	0x01
000066   5635     movra   0x35             	MOVRA	r0x104A
000067   5834     movar   0x34             	MOVAR	r0x1049
000068   5784     movra   0x184            	MOVRA	FSR0
000069   5835     movar   0x35             	MOVAR	r0x104A
00006a   5785     movra   0x185            	MOVRA	FSR1
00006b   584c     movar   0x4c             	MOVAR	_tmp_val_u16
00006c   5782     movra   0x182            	MOVRA	INDF2
00006d   6784     incr    0x184            	INCR	FSR0
00006e   f587     jbclr   0x187, 0x2       	JBCLR	PFLAG,2
00006f   6785     incr    0x185            	INCR	FSR1
000070   584d     movar   0x4d             	MOVAR	(_tmp_val_u16 + 1)
000071   5782     movra   0x182            	MOVRA	INDF2
                                           ;	.line	398; "MC32F7361.c"	for (i = 0; i < ARRAY_SIZE(adc_val_buf); i++) {
000072   664e     incr    0x4e             	INCR	_i
000073   a059     goto    0x59             	GOTO	_00244_DS_
                                           _00197_DS_
                                           ;	.line	401; "MC32F7361.c"	adc_val_buf_cnt = 0;
000074   7656     clrr    0x56             	CLRR	_adc_val_buf_cnt
000075   a091     goto    0x91             	GOTO	_00202_DS_
                                           _00201_DS_
                                           ;	.line	403; "MC32F7361.c"	adc_val_buf[adc_val_buf_cnt] = tmp_val_u16;
000076   d187     bclr    0x187, 0         	BCLR	PFLAG,0
000077   5056     rlar    0x56             	RLAR	_adc_val_buf_cnt
000078   5634     movra   0x34             	MOVRA	r0x1049
000079   5834     movar   0x34             	MOVAR	r0x1049
00007a   3f07     addai   0x7              	ADDAI	(_adc_val_buf + 0)
00007b   5634     movra   0x34             	MOVRA	r0x1049
00007c   3c00     movai   0                	MOVAI	high (_adc_val_buf + 0)
00007d   f187     jbclr   0x187, 0         	JBCLR	PFLAG,0
00007e   3f01     addai   0x1              	ADDAI	0x01
00007f   5635     movra   0x35             	MOVRA	r0x104A
000080   5834     movar   0x34             	MOVAR	r0x1049
000081   5784     movra   0x184            	MOVRA	FSR0
000082   5835     movar   0x35             	MOVAR	r0x104A
000083   5785     movra   0x185            	MOVRA	FSR1
000084   584c     movar   0x4c             	MOVAR	_tmp_val_u16
000085   5782     movra   0x182            	MOVRA	INDF2
000086   6784     incr    0x184            	INCR	FSR0
000087   f587     jbclr   0x187, 0x2       	JBCLR	PFLAG,2
000088   6785     incr    0x185            	INCR	FSR1
000089   584d     movar   0x4d             	MOVAR	(_tmp_val_u16 + 1)
00008a   5782     movra   0x182            	MOVRA	INDF2
                                           ;	.line	404; "MC32F7361.c"	adc_val_buf_cnt++;
00008b   6656     incr    0x56             	INCR	_adc_val_buf_cnt
                                           ;;unsigned compare: left < lit(0x10=16), size=1
                                           ;	.line	405; "MC32F7361.c"	if (adc_val_buf_cnt >= ARRAY_SIZE(adc_val_buf)) {
00008c   3c10     movai   0x10             	MOVAI	0x10
00008d   4856     rsubar  0x56             	RSUBAR	_adc_val_buf_cnt
00008e   e187     jbset   0x187, 0         	JBSET	PFLAG,0
00008f   a091     goto    0x91             	GOTO	_00202_DS_
                                           ;;genSkipc:3291: created from rifx:013B5EFC
                                           ;	.line	406; "MC32F7361.c"	adc_val_buf_cnt = 0;
000090   7656     clrr    0x56             	CLRR	_adc_val_buf_cnt
                                           ;;unsigned compare: left < lit(0x1F4=500), size=2
                                           _00202_DS_
                                           ;	.line	410; "MC32F7361.c"	if (adc_get_filter_val_cnt >= ADC_GET_FILTER_VAL_INTERVAL) {
000091   3c01     movai   0x1              	MOVAI	0x01
000092   484b     rsubar  0x4b             	RSUBAR	(_adc_get_filter_val_cnt + 1)
000093   e587     jbset   0x187, 0x2       	JBSET	PFLAG,2
000094   a097     goto    0x97             	GOTO	_00356_DS_
000095   3cf4     movai   0xf4             	MOVAI	0xf4
000096   484a     rsubar  0x4a             	RSUBAR	_adc_get_filter_val_cnt
                                           _00356_DS_
000097   e187     jbset   0x187, 0         	JBSET	PFLAG,0
000098   a12d     goto    0x12d            	GOTO	_00224_DS_
                                           ;;genSkipc:3291: created from rifx:013B5EFC
                                           ;	.line	412; "MC32F7361.c"	GIE = 0; // 关中断，保证16位计数清零不会被中断打断
000099   df88     bclr    0x188, 0x7       	BCLR	_MCRbits,7
                                           ;	.line	413; "MC32F7361.c"	adc_get_filter_val_cnt = 0; // 原子清零
00009a   764a     clrr    0x4a             	CLRR	_adc_get_filter_val_cnt
00009b   764b     clrr    0x4b             	CLRR	(_adc_get_filter_val_cnt + 1)
                                           ;	.line	414; "MC32F7361.c"	GIE = 1;
00009c   cf88     bset    0x188, 0x7       	BSET	_MCRbits,7
                                           ;	.line	417; "MC32F7361.c"	adc_sum = 0;
00009d   7648     clrr    0x48             	CLRR	_adc_sum
00009e   7649     clrr    0x49             	CLRR	(_adc_sum + 1)
                                           ;	.line	418; "MC32F7361.c"	for (i = 0; i < ARRAY_SIZE(adc_val_buf); i++) {
00009f   764e     clrr    0x4e             	CLRR	_i
                                           ;;unsigned compare: left < lit(0x10=16), size=1
                                           _00247_DS_
0000a0   3c10     movai   0x10             	MOVAI	0x10
0000a1   484e     rsubar  0x4e             	RSUBAR	_i
0000a2   f187     jbclr   0x187, 0         	JBCLR	PFLAG,0
0000a3   a0c1     goto    0xc1             	GOTO	_00203_DS_
                                           ;;genSkipc:3291: created from rifx:013B5EFC
                                           ;	.line	419; "MC32F7361.c"	adc_sum += adc_val_buf[i];
0000a4   d187     bclr    0x187, 0         	BCLR	PFLAG,0
0000a5   504e     rlar    0x4e             	RLAR	_i
0000a6   5634     movra   0x34             	MOVRA	r0x1049
0000a7   5834     movar   0x34             	MOVAR	r0x1049
0000a8   3f07     addai   0x7              	ADDAI	(_adc_val_buf + 0)
0000a9   5634     movra   0x34             	MOVRA	r0x1049
0000aa   3c00     movai   0                	MOVAI	high (_adc_val_buf + 0)
0000ab   f187     jbclr   0x187, 0         	JBCLR	PFLAG,0
0000ac   3f01     addai   0x1              	ADDAI	0x01
0000ad   5635     movra   0x35             	MOVRA	r0x104A
0000ae   5834     movar   0x34             	MOVAR	r0x1049
0000af   5784     movra   0x184            	MOVRA	FSR0
0000b0   5835     movar   0x35             	MOVAR	r0x104A
0000b1   5785     movra   0x185            	MOVRA	FSR1
0000b2   5982     movar   0x182            	MOVAR	INDF2
0000b3   5636     movra   0x36             	MOVRA	r0x104B
0000b4   6784     incr    0x184            	INCR	FSR0
0000b5   f587     jbclr   0x187, 0x2       	JBCLR	PFLAG,2
0000b6   6785     incr    0x185            	INCR	FSR1
0000b7   5982     movar   0x182            	MOVAR	INDF2
0000b8   5637     movra   0x37             	MOVRA	r0x104C
0000b9   5836     movar   0x36             	MOVAR	r0x104B
0000ba   7e48     addra   0x48             	ADDRA	_adc_sum
0000bb   5837     movar   0x37             	MOVAR	r0x104C
0000bc   f187     jbclr   0x187, 0         	JBCLR	PFLAG,0
0000bd   6037     jzar    0x37             	JZAR	r0x104C
0000be   7e49     addra   0x49             	ADDRA	(_adc_sum + 1)
                                           ;	.line	418; "MC32F7361.c"	for (i = 0; i < ARRAY_SIZE(adc_val_buf); i++) {
0000bf   664e     incr    0x4e             	INCR	_i
0000c0   a0a0     goto    0xa0             	GOTO	_00247_DS_
                                           _00203_DS_
                                           ;	.line	421; "MC32F7361.c"	adc_val = (u16)((adc_sum + 8) >> 4);
0000c1   3c08     movai   0x8              	MOVAI	0x08
0000c2   7c48     addar   0x48             	ADDAR	_adc_sum
0000c3   5634     movra   0x34             	MOVRA	r0x1049
0000c4   7635     clrr    0x35             	CLRR	r0x104A
0000c5   5235     rlr     0x35             	RLR	r0x104A
0000c6   5849     movar   0x49             	MOVAR	(_adc_sum + 1)
0000c7   7e35     addra   0x35             	ADDRA	r0x104A
0000c8   4434     swapar  0x34             	SWAPAR	r0x1049
0000c9   3e0f     andai   0xf              	ANDAI	0x0f
0000ca   5644     movra   0x44             	MOVRA	_adc_val
0000cb   4435     swapar  0x35             	SWAPAR	r0x104A
0000cc   5645     movra   0x45             	MOVRA	(_adc_val + 1)
0000cd   3ef0     andai   0xf0             	ANDAI	0xf0
0000ce   5e44     orra    0x44             	ORRA	_adc_val
0000cf   4245     xorra   0x45             	XORRA	(_adc_val + 1)
                                           ;	.line	428; "MC32F7361.c"	cur_fuel_lev = 0; // 默认为低油量提示对应的挡位
0000d0   7650     clrr    0x50             	CLRR	_cur_fuel_lev
                                           ;	.line	429; "MC32F7361.c"	for (i = 0; i < ARRAY_SIZE(adc_val_cmp_table); i++) {
0000d1   764e     clrr    0x4e             	CLRR	_i
                                           ;;unsigned compare: left < lit(0xA=10), size=1
                                           _00250_DS_
0000d2   3c0a     movai   0xa              	MOVAI	0x0a
0000d3   484e     rsubar  0x4e             	RSUBAR	_i
0000d4   f187     jbclr   0x187, 0         	JBCLR	PFLAG,0
0000d5   a0f7     goto    0xf7             	GOTO	_00206_DS_
                                           ;;genSkipc:3291: created from rifx:013B5EFC
                                           ;	.line	430; "MC32F7361.c"	if (adc_val <= adc_val_cmp_table[i]) {
0000d6   d187     bclr    0x187, 0         	BCLR	PFLAG,0
0000d7   504e     rlar    0x4e             	RLAR	_i
0000d8   5634     movra   0x34             	MOVRA	r0x1049
0000d9   5834     movar   0x34             	MOVAR	r0x1049
0000da   3f0c     addai   0xc              	ADDAI	(_adc_val_cmp_table + 0)
0000db   5634     movra   0x34             	MOVRA	r0x1049
0000dc   3c03     movai   0x3              	MOVAI	high (_adc_val_cmp_table + 0)
0000dd   f187     jbclr   0x187, 0         	JBCLR	PFLAG,0
0000de   3f01     addai   0x1              	ADDAI	0x01
0000df   5635     movra   0x35             	MOVRA	r0x104A
0000e0   5834     movar   0x34             	MOVAR	r0x1049
0000e1   5605     movra   0x5              	MOVRA	STK01
0000e2   5835     movar   0x35             	MOVAR	r0x104A
0000e3   5606     movra   0x6              	MOVRA	STK00
0000e4   3c80     movai   0x80             	MOVAI	0x80
0000e5   82f0     call    0x2f0            	CALL	__gptrget2
0000e6   5637     movra   0x37             	MOVRA	r0x104C
0000e7   5806     movar   0x6              	MOVAR	STK00
0000e8   5636     movra   0x36             	MOVRA	r0x104B
0000e9   5845     movar   0x45             	MOVAR	(_adc_val + 1)
0000ea   4837     rsubar  0x37             	RSUBAR	r0x104C
0000eb   e587     jbset   0x187, 0x2       	JBSET	PFLAG,2
0000ec   a0ef     goto    0xef             	GOTO	_00359_DS_
0000ed   5844     movar   0x44             	MOVAR	_adc_val
0000ee   4836     rsubar  0x36             	RSUBAR	r0x104B
                                           _00359_DS_
0000ef   e187     jbset   0x187, 0         	JBSET	PFLAG,0
0000f0   a0f5     goto    0xf5             	GOTO	_00251_DS_
                                           ;;genSkipc:3291: created from rifx:013B5EFC
                                           ;	.line	431; "MC32F7361.c"	cur_fuel_lev = ARRAY_SIZE(adc_val_cmp_table) - i;
0000f1   584e     movar   0x4e             	MOVAR	_i
0000f2   3a0a     isubai  0xa              	ISUBAI	0x0a
0000f3   5650     movra   0x50             	MOVRA	_cur_fuel_lev
                                           ;	.line	432; "MC32F7361.c"	break;
0000f4   a0f7     goto    0xf7             	GOTO	_00206_DS_
                                           _00251_DS_
                                           ;	.line	429; "MC32F7361.c"	for (i = 0; i < ARRAY_SIZE(adc_val_cmp_table); i++) {
0000f5   664e     incr    0x4e             	INCR	_i
0000f6   a0d2     goto    0xd2             	GOTO	_00250_DS_
                                           _00206_DS_
                                           ;	.line	451; "MC32F7361.c"	flag_is_low_fuel_detected = 0;
0000f7   d255     bclr    0x55, 0x1        	BCLR	_flag1,1
                                           ;	.line	452; "MC32F7361.c"	if (cur_fuel_lev == 0) {
0000f8   3c00     movai   0                	MOVAI	0x00
0000f9   5c50     orar    0x50             	ORAR	_cur_fuel_lev
0000fa   e587     jbset   0x187, 0x2       	JBSET	PFLAG,2
0000fb   a107     goto    0x107            	GOTO	_00210_DS_
                                           ;	.line	454; "MC32F7361.c"	cur_fuel_lev = 1;
0000fc   3c01     movai   0x1              	MOVAI	0x01
0000fd   5650     movra   0x50             	MOVRA	_cur_fuel_lev
                                           ;;unsigned compare: left < lit(0x9BD=2493), size=2
                                           ;	.line	455; "MC32F7361.c"	if (adc_val >= ADC_VAL_UNCONNECTED_TH) {
0000fe   3c09     movai   0x9              	MOVAI	0x09
0000ff   4845     rsubar  0x45             	RSUBAR	(_adc_val + 1)
000100   e587     jbset   0x187, 0x2       	JBSET	PFLAG,2
000101   a104     goto    0x104            	GOTO	_00360_DS_
000102   3cbd     movai   0xbd             	MOVAI	0xbd
000103   4844     rsubar  0x44             	RSUBAR	_adc_val
                                           _00360_DS_
000104   e187     jbset   0x187, 0         	JBSET	PFLAG,0
000105   a107     goto    0x107            	GOTO	_00210_DS_
                                           ;;genSkipc:3291: created from rifx:013B5EFC
                                           ;	.line	457; "MC32F7361.c"	flag_is_low_fuel_detected = 1;
000106   c255     bset    0x55, 0x1        	BSET	_flag1,1
                                           _00210_DS_
                                           ;	.line	463; "MC32F7361.c"	if (flag_is_low_fuel_detected) {
000107   e255     jbset   0x55, 0x1        	JBSET	_flag1,1
000108   a11b     goto    0x11b            	GOTO	_00221_DS_
                                           ;	.line	464; "MC32F7361.c"	low_fuel_alert_exit_cnt = 0; // 重新检测到报警条件，退出计数清零
000109   7652     clrr    0x52             	CLRR	_low_fuel_alert_exit_cnt
                                           ;	.line	466; "MC32F7361.c"	if (!flag_is_in_low_fuel_alert && last_fuel_lev <= 1) {
00010a   f055     jbclr   0x55, 0          	JBCLR	_flag1,0
00010b   a12d     goto    0x12d            	GOTO	_00224_DS_
                                           ;;swapping arguments (AOP_TYPEs 1/3)
                                           ;;unsigned compare: left >= lit(0x2=2), size=1
00010c   3c02     movai   0x2              	MOVAI	0x02
00010d   484f     rsubar  0x4f             	RSUBAR	_last_fuel_lev
00010e   f187     jbclr   0x187, 0         	JBCLR	PFLAG,0
00010f   a12d     goto    0x12d            	GOTO	_00224_DS_
                                           ;;genSkipc:3291: created from rifx:013B5EFC
                                           ;	.line	467; "MC32F7361.c"	low_fuel_alert_enter_cnt++;
000110   6651     incr    0x51             	INCR	_low_fuel_alert_enter_cnt
                                           ;;unsigned compare: left < lit(0xF=15), size=1
                                           ;	.line	468; "MC32F7361.c"	if (low_fuel_alert_enter_cnt >= LOW_FUEL_ALERT_ENTER_CNT) {
000111   3c0f     movai   0xf              	MOVAI	0x0f
000112   4851     rsubar  0x51             	RSUBAR	_low_fuel_alert_enter_cnt
000113   e187     jbset   0x187, 0         	JBSET	PFLAG,0
000114   a12d     goto    0x12d            	GOTO	_00224_DS_
                                           ;;genSkipc:3291: created from rifx:013B5EFC
                                           ;	.line	469; "MC32F7361.c"	flag_is_in_low_fuel_alert = 1;
000115   c055     bset    0x55, 0          	BSET	_flag1,0
                                           ;	.line	471; "MC32F7361.c"	GIE = 0;
000116   df88     bclr    0x188, 0x7       	BCLR	_MCRbits,7
                                           ;	.line	472; "MC32F7361.c"	led_refresh_time_cnt = 0;
000117   7646     clrr    0x46             	CLRR	_led_refresh_time_cnt
000118   7647     clrr    0x47             	CLRR	(_led_refresh_time_cnt + 1)
                                           ;	.line	473; "MC32F7361.c"	GIE = 1;
000119   cf88     bset    0x188, 0x7       	BSET	_MCRbits,7
00011a   a12d     goto    0x12d            	GOTO	_00224_DS_
                                           _00221_DS_
                                           ;	.line	477; "MC32F7361.c"	low_fuel_alert_enter_cnt = 0; // 检测到正常油量，进入计数清零
00011b   7651     clrr    0x51             	CLRR	_low_fuel_alert_enter_cnt
                                           ;	.line	478; "MC32F7361.c"	if (flag_is_in_low_fuel_alert) {
00011c   e055     jbset   0x55, 0          	JBSET	_flag1,0
00011d   a12d     goto    0x12d            	GOTO	_00224_DS_
                                           ;	.line	480; "MC32F7361.c"	low_fuel_alert_exit_cnt++;
00011e   6652     incr    0x52             	INCR	_low_fuel_alert_exit_cnt
                                           ;;unsigned compare: left < lit(0x2=2), size=1
                                           ;	.line	481; "MC32F7361.c"	if (low_fuel_alert_exit_cnt >= LOW_FUEL_ALERT_EXIT_CNT) {
00011f   3c02     movai   0x2              	MOVAI	0x02
000120   4852     rsubar  0x52             	RSUBAR	_low_fuel_alert_exit_cnt
000121   e187     jbset   0x187, 0         	JBSET	PFLAG,0
000122   a12d     goto    0x12d            	GOTO	_00224_DS_
                                           ;;genSkipc:3291: created from rifx:013B5EFC
                                           ;	.line	482; "MC32F7361.c"	flag_is_in_low_fuel_alert = 0;
000123   d055     bclr    0x55, 0          	BCLR	_flag1,0
                                           ;	.line	485; "MC32F7361.c"	GIE = 0;
000124   df88     bclr    0x188, 0x7       	BCLR	_MCRbits,7
                                           ;	.line	486; "MC32F7361.c"	led_refresh_time_cnt = 0;
000125   7646     clrr    0x46             	CLRR	_led_refresh_time_cnt
000126   7647     clrr    0x47             	CLRR	(_led_refresh_time_cnt + 1)
                                           ;	.line	487; "MC32F7361.c"	GIE = 1;
000127   cf88     bset    0x188, 0x7       	BSET	_MCRbits,7
                                           ;	.line	489; "MC32F7361.c"	last_fuel_lev = 1;
000128   3c01     movai   0x1              	MOVAI	0x01
000129   564f     movra   0x4f             	MOVRA	_last_fuel_lev
                                           ;	.line	490; "MC32F7361.c"	led_show_buf_update(last_fuel_lev);
00012a   584f     movar   0x4f             	MOVAR	_last_fuel_lev
00012b   81ab     call    0x1ab            	CALL	_led_show_buf_update
                                           ;	.line	491; "MC32F7361.c"	led_show_refresh();
00012c   8164     call    0x164            	CALL	_led_show_refresh
                                           _00224_DS_
                                           ;	.line	498; "MC32F7361.c"	if (flag_is_in_low_fuel_alert) {
00012d   e055     jbset   0x55, 0          	JBSET	_flag1,0
00012e   a148     goto    0x148            	GOTO	_00238_DS_
                                           ;;unsigned compare: left < lit(0x1F4=500), size=2
                                           ;	.line	500; "MC32F7361.c"	LED_REFRESH_INTERVAL_MS_IN_LOW_FUEL_ALERT) {
00012f   3c01     movai   0x1              	MOVAI	0x01
000130   4847     rsubar  0x47             	RSUBAR	(_led_refresh_time_cnt + 1)
000131   e587     jbset   0x187, 0x2       	JBSET	PFLAG,2
000132   a135     goto    0x135            	GOTO	_00364_DS_
000133   3cf4     movai   0xf4             	MOVAI	0xf4
000134   4846     rsubar  0x46             	RSUBAR	_led_refresh_time_cnt
                                           _00364_DS_
000135   e187     jbset   0x187, 0         	JBSET	PFLAG,0
000136   a04e     goto    0x4e             	GOTO	_00241_DS_
                                           ;;genSkipc:3291: created from rifx:013B5EFC
                                           ;	.line	501; "MC32F7361.c"	GIE = 0; // 关中断，保证16位计数清零不会被中断打断
000137   df88     bclr    0x188, 0x7       	BCLR	_MCRbits,7
                                           ;	.line	502; "MC32F7361.c"	led_refresh_time_cnt = 0;
000138   7646     clrr    0x46             	CLRR	_led_refresh_time_cnt
000139   7647     clrr    0x47             	CLRR	(_led_refresh_time_cnt + 1)
                                           ;	.line	503; "MC32F7361.c"	GIE = 1;
00013a   cf88     bset    0x188, 0x7       	BSET	_MCRbits,7
                                           ;	.line	506; "MC32F7361.c"	if (led_show_buff[0] == LED_OFF) {
00013b   583a     movar   0x3a             	MOVAR	(_led_show_buff + 0)
00013c   5634     movra   0x34             	MOVRA	r0x1049
00013d   5834     movar   0x34             	MOVAR	r0x1049
00013e   3901     xorai   0x1              	XORAI	0x01
00013f   e587     jbset   0x187, 0x2       	JBSET	PFLAG,2
000140   a144     goto    0x144            	GOTO	_00226_DS_
                                           ;	.line	508; "MC32F7361.c"	led_show_buf_update(1);
000141   3c01     movai   0x1              	MOVAI	0x01
000142   81ab     call    0x1ab            	CALL	_led_show_buf_update
000143   a146     goto    0x146            	GOTO	_00227_DS_
                                           _00226_DS_
                                           ;	.line	511; "MC32F7361.c"	led_show_buf_update(0);
000144   3c00     movai   0                	MOVAI	0x00
000145   81ab     call    0x1ab            	CALL	_led_show_buf_update
                                           _00227_DS_
                                           ;	.line	513; "MC32F7361.c"	led_show_refresh();
000146   8164     call    0x164            	CALL	_led_show_refresh
000147   a04e     goto    0x4e             	GOTO	_00241_DS_
                                           ;;unsigned compare: left < lit(0x3E8=1000), size=2
                                           _00238_DS_
                                           ;	.line	516; "MC32F7361.c"	if (led_refresh_time_cnt >= LED_REFRESH_INTERVAL_MS) {
000148   3c03     movai   0x3              	MOVAI	0x03
000149   4847     rsubar  0x47             	RSUBAR	(_led_refresh_time_cnt + 1)
00014a   e587     jbset   0x187, 0x2       	JBSET	PFLAG,2
00014b   a14e     goto    0x14e            	GOTO	_00365_DS_
00014c   3ce8     movai   0xe8             	MOVAI	0xe8
00014d   4846     rsubar  0x46             	RSUBAR	_led_refresh_time_cnt
                                           _00365_DS_
00014e   e187     jbset   0x187, 0         	JBSET	PFLAG,0
00014f   a04e     goto    0x4e             	GOTO	_00241_DS_
                                           ;;genSkipc:3291: created from rifx:013B5EFC
                                           ;	.line	517; "MC32F7361.c"	GIE = 0; // 关中断，保证16位计数清零不会被中断打断
000150   df88     bclr    0x188, 0x7       	BCLR	_MCRbits,7
                                           ;	.line	518; "MC32F7361.c"	led_refresh_time_cnt = 0;
000151   7646     clrr    0x46             	CLRR	_led_refresh_time_cnt
000152   7647     clrr    0x47             	CLRR	(_led_refresh_time_cnt + 1)
                                           ;	.line	519; "MC32F7361.c"	GIE = 1;
000153   cf88     bset    0x188, 0x7       	BSET	_MCRbits,7
                                           ;	.line	520; "MC32F7361.c"	if (last_fuel_lev < cur_fuel_lev) {
000154   5850     movar   0x50             	MOVAR	_cur_fuel_lev
000155   484f     rsubar  0x4f             	RSUBAR	_last_fuel_lev
000156   f187     jbclr   0x187, 0         	JBCLR	PFLAG,0
000157   a15a     goto    0x15a            	GOTO	_00233_DS_
                                           ;;genSkipc:3291: created from rifx:013B5EFC
                                           ;	.line	523; "MC32F7361.c"	last_fuel_lev++;
000158   664f     incr    0x4f             	INCR	_last_fuel_lev
000159   a15f     goto    0x15f            	GOTO	_00234_DS_
                                           _00233_DS_
                                           ;	.line	524; "MC32F7361.c"	} else if (last_fuel_lev > cur_fuel_lev) {
00015a   584f     movar   0x4f             	MOVAR	_last_fuel_lev
00015b   4850     rsubar  0x50             	RSUBAR	_cur_fuel_lev
00015c   f187     jbclr   0x187, 0         	JBCLR	PFLAG,0
00015d   a15f     goto    0x15f            	GOTO	_00234_DS_
                                           ;;genSkipc:3291: created from rifx:013B5EFC
                                           ;	.line	527; "MC32F7361.c"	last_fuel_lev--;
00015e   6e4f     decr    0x4f             	DECR	_last_fuel_lev
                                           _00234_DS_
                                           ;	.line	530; "MC32F7361.c"	led_show_buf_update(last_fuel_lev);
00015f   584f     movar   0x4f             	MOVAR	_last_fuel_lev
000160   81ab     call    0x1ab            	CALL	_led_show_buf_update
                                           ;	.line	531; "MC32F7361.c"	led_show_refresh();
000161   8164     call    0x164            	CALL	_led_show_refresh
000162   a04e     goto    0x4e             	GOTO	_00241_DS_
                                           ;	.line	535; "MC32F7361.c"	}
000163   000c     return                   	RETURN	
                                           ; exit point of _main
                                           
                                           ;***
                                           ;  pBlock Stats: dbName = C
                                           ;***
                                           ;entry:  _led_show_refresh	;Function start
                                           ; 2 exit points
                                           ;has an exit
                                           ;1 compiler assigned register :
                                           ;   r0x103C
                                           ;; Starting pCode block
                                           _led_show_refresh	;Function start
                                           ; 2 exit points
                                           ;	.line	356; "MC32F7361.c"	LED_0_PIN = led_show_buff[0];
000164   583a     movar   0x3a             	MOVAR	(_led_show_buff + 0)
000165   562a     movra   0x2a             	MOVRA	r0x103C
000166   4c2a     rrar    0x2a             	RRAR	r0x103C
000167   e187     jbset   0x187, 0         	JBSET	PFLAG,0
000168   df94     bclr    0x194, 0x7       	BCLR	_IOP1bits,7
000169   f187     jbclr   0x187, 0         	JBCLR	PFLAG,0
00016a   cf94     bset    0x194, 0x7       	BSET	_IOP1bits,7
                                           ;	.line	357; "MC32F7361.c"	LED_1_PIN = led_show_buff[1];
00016b   583b     movar   0x3b             	MOVAR	(_led_show_buff + 1)
00016c   562a     movra   0x2a             	MOVRA	r0x103C
00016d   4c2a     rrar    0x2a             	RRAR	r0x103C
00016e   e187     jbset   0x187, 0         	JBSET	PFLAG,0
00016f   d390     bclr    0x190, 0x1       	BCLR	_IOP0bits,1
000170   f187     jbclr   0x187, 0         	JBCLR	PFLAG,0
000171   c390     bset    0x190, 0x1       	BSET	_IOP0bits,1
                                           ;	.line	358; "MC32F7361.c"	LED_2_PIN = led_show_buff[2];
000172   583c     movar   0x3c             	MOVAR	(_led_show_buff + 2)
000173   562a     movra   0x2a             	MOVRA	r0x103C
000174   4c2a     rrar    0x2a             	RRAR	r0x103C
000175   e187     jbset   0x187, 0         	JBSET	PFLAG,0
000176   d590     bclr    0x190, 0x2       	BCLR	_IOP0bits,2
000177   f187     jbclr   0x187, 0         	JBCLR	PFLAG,0
000178   c590     bset    0x190, 0x2       	BSET	_IOP0bits,2
                                           ;	.line	359; "MC32F7361.c"	LED_3_PIN = led_show_buff[3];
000179   583d     movar   0x3d             	MOVAR	(_led_show_buff + 3)
00017a   562a     movra   0x2a             	MOVRA	r0x103C
00017b   4c2a     rrar    0x2a             	RRAR	r0x103C
00017c   e187     jbset   0x187, 0         	JBSET	PFLAG,0
00017d   d790     bclr    0x190, 0x3       	BCLR	_IOP0bits,3
00017e   f187     jbclr   0x187, 0         	JBCLR	PFLAG,0
00017f   c790     bset    0x190, 0x3       	BSET	_IOP0bits,3
                                           ;	.line	360; "MC32F7361.c"	LED_4_PIN = led_show_buff[4];
000180   583e     movar   0x3e             	MOVAR	(_led_show_buff + 4)
000181   562a     movra   0x2a             	MOVRA	r0x103C
000182   4c2a     rrar    0x2a             	RRAR	r0x103C
000183   e187     jbset   0x187, 0         	JBSET	PFLAG,0
000184   d990     bclr    0x190, 0x4       	BCLR	_IOP0bits,4
000185   f187     jbclr   0x187, 0         	JBCLR	PFLAG,0
000186   c990     bset    0x190, 0x4       	BSET	_IOP0bits,4
                                           ;	.line	361; "MC32F7361.c"	LED_5_PIN = led_show_buff[5];
000187   583f     movar   0x3f             	MOVAR	(_led_show_buff + 5)
000188   562a     movra   0x2a             	MOVRA	r0x103C
000189   4c2a     rrar    0x2a             	RRAR	r0x103C
00018a   e187     jbset   0x187, 0         	JBSET	PFLAG,0
00018b   d394     bclr    0x194, 0x1       	BCLR	_IOP1bits,1
00018c   f187     jbclr   0x187, 0         	JBCLR	PFLAG,0
00018d   c394     bset    0x194, 0x1       	BSET	_IOP1bits,1
                                           ;	.line	362; "MC32F7361.c"	LED_6_PIN = led_show_buff[6];
00018e   5840     movar   0x40             	MOVAR	(_led_show_buff + 6)
00018f   562a     movra   0x2a             	MOVRA	r0x103C
000190   4c2a     rrar    0x2a             	RRAR	r0x103C
000191   e187     jbset   0x187, 0         	JBSET	PFLAG,0
000192   db94     bclr    0x194, 0x5       	BCLR	_IOP1bits,5
000193   f187     jbclr   0x187, 0         	JBCLR	PFLAG,0
000194   cb94     bset    0x194, 0x5       	BSET	_IOP1bits,5
                                           ;	.line	363; "MC32F7361.c"	LED_7_PIN = led_show_buff[7];
000195   5841     movar   0x41             	MOVAR	(_led_show_buff + 7)
000196   562a     movra   0x2a             	MOVRA	r0x103C
000197   4c2a     rrar    0x2a             	RRAR	r0x103C
000198   e187     jbset   0x187, 0         	JBSET	PFLAG,0
000199   d994     bclr    0x194, 0x4       	BCLR	_IOP1bits,4
00019a   f187     jbclr   0x187, 0         	JBCLR	PFLAG,0
00019b   c994     bset    0x194, 0x4       	BSET	_IOP1bits,4
                                           ;	.line	364; "MC32F7361.c"	LED_8_PIN = led_show_buff[8];
00019c   5842     movar   0x42             	MOVAR	(_led_show_buff + 8)
00019d   562a     movra   0x2a             	MOVRA	r0x103C
00019e   4c2a     rrar    0x2a             	RRAR	r0x103C
00019f   e187     jbset   0x187, 0         	JBSET	PFLAG,0
0001a0   d794     bclr    0x194, 0x3       	BCLR	_IOP1bits,3
0001a1   f187     jbclr   0x187, 0         	JBCLR	PFLAG,0
0001a2   c794     bset    0x194, 0x3       	BSET	_IOP1bits,3
                                           ;	.line	365; "MC32F7361.c"	LED_9_PIN = led_show_buff[9];
0001a3   5843     movar   0x43             	MOVAR	(_led_show_buff + 9)
0001a4   562a     movra   0x2a             	MOVRA	r0x103C
0001a5   4c2a     rrar    0x2a             	RRAR	r0x103C
0001a6   e187     jbset   0x187, 0         	JBSET	PFLAG,0
0001a7   dd94     bclr    0x194, 0x6       	BCLR	_IOP1bits,6
0001a8   f187     jbclr   0x187, 0         	JBCLR	PFLAG,0
0001a9   cd94     bset    0x194, 0x6       	BSET	_IOP1bits,6
                                           ;	.line	366; "MC32F7361.c"	}
0001aa   000c     return                   	RETURN	
                                           ; exit point of _led_show_refresh
                                           
                                           ;***
                                           ;  pBlock Stats: dbName = C
                                           ;***
                                           ;entry:  _led_show_buf_update	;Function start
                                           ; 2 exit points
                                           ;has an exit
                                           ;7 compiler assigned registers:
                                           ;   r0x103C
                                           ;   r0x103D
                                           ;   r0x103E
                                           ;   r0x103F
                                           ;   r0x1040
                                           ;   r0x1041
                                           ;   r0x1042
                                           ;; Starting pCode block
                                           _led_show_buf_update	;Function start
                                           ; 2 exit points
                                           ;	.line	332; "MC32F7361.c"	void led_show_buf_update(const u8 led_show_range)
0001ab   562a     movra   0x2a             	MOVRA	r0x103C
                                           ;	.line	335; "MC32F7361.c"	for (i = 0; i < ARRAY_SIZE(led_show_buff); i++) {
0001ac   764e     clrr    0x4e             	CLRR	_i
                                           ;;unsigned compare: left < lit(0xA=10), size=1
                                           _00154_DS_
0001ad   3c0a     movai   0xa              	MOVAI	0x0a
0001ae   484e     rsubar  0x4e             	RSUBAR	_i
0001af   f187     jbclr   0x187, 0         	JBCLR	PFLAG,0
0001b0   a1c0     goto    0x1c0            	GOTO	_00148_DS_
                                           ;;genSkipc:3291: created from rifx:013B5EFC
                                           ;	.line	336; "MC32F7361.c"	led_show_buff[i] = LED_OFF;
0001b1   584e     movar   0x4e             	MOVAR	_i
0001b2   3f3a     addai   0x3a             	ADDAI	(_led_show_buff + 0)
0001b3   5629     movra   0x29             	MOVRA	r0x103D
0001b4   3c00     movai   0                	MOVAI	high (_led_show_buff + 0)
0001b5   f187     jbclr   0x187, 0         	JBCLR	PFLAG,0
0001b6   3f01     addai   0x1              	ADDAI	0x01
0001b7   5628     movra   0x28             	MOVRA	r0x103E
0001b8   5829     movar   0x29             	MOVAR	r0x103D
0001b9   5784     movra   0x184            	MOVRA	FSR0
0001ba   5828     movar   0x28             	MOVAR	r0x103E
0001bb   5785     movra   0x185            	MOVRA	FSR1
0001bc   3c01     movai   0x1              	MOVAI	0x01
0001bd   5782     movra   0x182            	MOVRA	INDF2
                                           ;	.line	335; "MC32F7361.c"	for (i = 0; i < ARRAY_SIZE(led_show_buff); i++) {
0001be   664e     incr    0x4e             	INCR	_i
0001bf   a1ad     goto    0x1ad            	GOTO	_00154_DS_
                                           _00148_DS_
                                           ;	.line	346; "MC32F7361.c"	for (i = 0; i < ARRAY_SIZE(led_show_buff); i++) {
0001c0   764e     clrr    0x4e             	CLRR	_i
                                           ;;unsigned compare: left < lit(0x1=1), size=1
0001c1   3c01     movai   0x1              	MOVAI	0x01
0001c2   482a     rsubar  0x2a             	RSUBAR	r0x103C
0001c3   7629     clrr    0x29             	CLRR	r0x103D
0001c4   e187     jbset   0x187, 0         	JBSET	PFLAG,0
0001c5   c029     bset    0x29, 0          	BSET	r0x103D,0
                                           ;;unsigned compare: left < lit(0xA=10), size=1
                                           _00157_DS_
0001c6   3c0a     movai   0xa              	MOVAI	0x0a
0001c7   484e     rsubar  0x4e             	RSUBAR	_i
0001c8   f187     jbclr   0x187, 0         	JBCLR	PFLAG,0
0001c9   a1f2     goto    0x1f2            	GOTO	_00159_DS_
                                           ;;genSkipc:3291: created from rifx:013B5EFC
                                           ;	.line	347; "MC32F7361.c"	if (led_show_range >= 1 && (led_show_range - 1) >= i) {
0001ca   3c00     movai   0                	MOVAI	0x00
0001cb   5c29     orar    0x29             	ORAR	r0x103D
0001cc   e587     jbset   0x187, 0x2       	JBSET	PFLAG,2
0001cd   a1f0     goto    0x1f0            	GOTO	_00158_DS_
0001ce   582a     movar   0x2a             	MOVAR	r0x103C
0001cf   5628     movra   0x28             	MOVRA	r0x103E
0001d0   7627     clrr    0x27             	CLRR	r0x103F
0001d1   3cff     movai   0xff             	MOVAI	0xff
0001d2   7e28     addra   0x28             	ADDRA	r0x103E
0001d3   e187     jbset   0x187, 0         	JBSET	PFLAG,0
0001d4   6e27     decr    0x27             	DECR	r0x103F
0001d5   584e     movar   0x4e             	MOVAR	_i
0001d6   562b     movra   0x2b             	MOVRA	r0x1040
                                           ;;1	CLRR	r0x1041
0001d7   5827     movar   0x27             	MOVAR	r0x103F
0001d8   3f80     addai   0x80             	ADDAI	0x80
0001d9   562d     movra   0x2d             	MOVRA	r0x1042
0001da   3c00     movai   0                	MOVAI	0x00
0001db   3f80     addai   0x80             	ADDAI	0x80
0001dc   482d     rsubar  0x2d             	RSUBAR	r0x1042
0001dd   e587     jbset   0x187, 0x2       	JBSET	PFLAG,2
0001de   a1e1     goto    0x1e1            	GOTO	_00188_DS_
0001df   582b     movar   0x2b             	MOVAR	r0x1040
0001e0   4828     rsubar  0x28             	RSUBAR	r0x103E
                                           _00188_DS_
0001e1   e187     jbset   0x187, 0         	JBSET	PFLAG,0
0001e2   a1f0     goto    0x1f0            	GOTO	_00158_DS_
                                           ;;genSkipc:3291: created from rifx:013B5EFC
                                           ;	.line	348; "MC32F7361.c"	led_show_buff[i] = LED_ON;
0001e3   584e     movar   0x4e             	MOVAR	_i
0001e4   3f3a     addai   0x3a             	ADDAI	(_led_show_buff + 0)
0001e5   5628     movra   0x28             	MOVRA	r0x103E
0001e6   3c00     movai   0                	MOVAI	high (_led_show_buff + 0)
0001e7   f187     jbclr   0x187, 0         	JBCLR	PFLAG,0
0001e8   3f01     addai   0x1              	ADDAI	0x01
0001e9   5627     movra   0x27             	MOVRA	r0x103F
0001ea   5828     movar   0x28             	MOVAR	r0x103E
0001eb   5784     movra   0x184            	MOVRA	FSR0
0001ec   5827     movar   0x27             	MOVAR	r0x103F
0001ed   5785     movra   0x185            	MOVRA	FSR1
0001ee   3c00     movai   0                	MOVAI	0x00
0001ef   5782     movra   0x182            	MOVRA	INDF2
                                           _00158_DS_
                                           ;	.line	346; "MC32F7361.c"	for (i = 0; i < ARRAY_SIZE(led_show_buff); i++) {
0001f0   664e     incr    0x4e             	INCR	_i
0001f1   a1c6     goto    0x1c6            	GOTO	_00157_DS_
                                           _00159_DS_
                                           ;	.line	351; "MC32F7361.c"	}
0001f2   000c     return                   	RETURN	
                                           ; exit point of _led_show_buf_update
                                           
                                           ;***
                                           ;  pBlock Stats: dbName = C
                                           ;***
                                           ;entry:  _Sys_Init	;Function start
                                           ; 2 exit points
                                           ;has an exit
                                           ;functions called:
                                           ;   _CLR_RAM
                                           ;   _IO_Init
                                           ;   _adc_config
                                           ;   _timer0_config
                                           ;   _CLR_RAM
                                           ;   _IO_Init
                                           ;   _adc_config
                                           ;   _timer0_config
                                           ;; Starting pCode block
                                           _Sys_Init	;Function start
                                           ; 2 exit points
                                           ;	.line	310; "MC32F7361.c"	GIE = 0;
0001f3   df88     bclr    0x188, 0x7       	BCLR	_MCRbits,7
                                           ;	.line	311; "MC32F7361.c"	CLR_RAM();
0001f4   8263     call    0x263            	CALL	_CLR_RAM
                                           ;	.line	312; "MC32F7361.c"	IO_Init();
0001f5   824e     call    0x24e            	CALL	_IO_Init
                                           ;	.line	314; "MC32F7361.c"	adc_config();
0001f6   8233     call    0x233            	CALL	_adc_config
                                           ;	.line	316; "MC32F7361.c"	timer0_config();
0001f7   81fa     call    0x1fa            	CALL	_timer0_config
                                           ;	.line	318; "MC32F7361.c"	GIE = 1;
0001f8   cf88     bset    0x188, 0x7       	BSET	_MCRbits,7
                                           ;	.line	319; "MC32F7361.c"	}
0001f9   000c     return                   	RETURN	
                                           ; exit point of _Sys_Init
                                           
                                           ;***
                                           ;  pBlock Stats: dbName = C
                                           ;***
                                           ;entry:  _timer0_config	;Function start
                                           ; 2 exit points
                                           ;has an exit
                                           ;; Starting pCode block
                                           _timer0_config	;Function start
                                           ; 2 exit points
                                           ;	.line	296; "MC32F7361.c"	T0CR = 0x85;
0001fa   3c85     movai   0x85             	MOVAI	0x85
0001fb   5798     movra   0x198            	MOVRA	_T0CR
                                           ;	.line	298; "MC32F7361.c"	T0LOAD = (u8)(250 - 1); // 计数250次，约 1ms 产生一次中断
0001fc   3cf9     movai   0xf9             	MOVAI	0xf9
0001fd   579a     movra   0x19a            	MOVRA	_T0LOAD
                                           ;	.line	299; "MC32F7361.c"	T0IE = 1;
0001fe   c18a     bset    0x18a, 0         	BSET	_INTEbits,0
                                           ;	.line	300; "MC32F7361.c"	}
0001ff   000c     return                   	RETURN	
                                           ; exit point of _timer0_config
                                           
                                           ;***
                                           ;  pBlock Stats: dbName = C
                                           ;***
                                           ;entry:  _adc_convert	;Function start
                                           ; 2 exit points
                                           ;has an exit
                                           ;10 compiler assigned registers:
                                           ;   r0x103C
                                           ;   r0x103D
                                           ;   r0x103E
                                           ;   r0x103F
                                           ;   r0x1040
                                           ;   r0x1041
                                           ;   r0x1042
                                           ;   r0x1043
                                           ;   r0x1044
                                           ;   STK00
                                           ;; Starting pCode block
                                           _adc_convert	;Function start
                                           ; 2 exit points
                                           ;	.line	279; "MC32F7361.c"	u16 ret = 0;
000200   762a     clrr    0x2a             	CLRR	r0x103C
000201   7629     clrr    0x29             	CLRR	r0x103D
                                           ;	.line	280; "MC32F7361.c"	for (i = 0; i < 16; i++) {
000202   7628     clrr    0x28             	CLRR	r0x103E
                                           _00135_DS_
                                           ;	.line	281; "MC32F7361.c"	ADEOC = 0; // 写0开始ad转换
000203   d3b0     bclr    0x1b0, 0x1       	BCLR	_ADCR0bits,1
                                           _00131_DS_
                                           ;	.line	282; "MC32F7361.c"	while (!ADEOC)
000204   e3b0     jbset   0x1b0, 0x1       	JBSET	_ADCR0bits,1
000205   a204     goto    0x204            	GOTO	_00131_DS_
                                           ;	.line	284; "MC32F7361.c"	val = ADRH;
000206   59b4     movar   0x1b4            	MOVAR	_ADRH
000207   562b     movra   0x2b             	MOVRA	r0x1040
000208   5627     movra   0x27             	MOVRA	r0x103F
                                           ;;105	MOVAR	r0x103F
                                           ;	.line	285; "MC32F7361.c"	ret += (u16)val << 4 | (ADRL & 0x0F);
000209   762c     clrr    0x2c             	CLRR	r0x1041
00020a   442c     swapar  0x2c             	SWAPAR	r0x1041
00020b   3ef0     andai   0xf0             	ANDAI	0xf0
00020c   562d     movra   0x2d             	MOVRA	r0x1042
00020d   442b     swapar  0x2b             	SWAPAR	r0x1040
00020e   5627     movra   0x27             	MOVRA	r0x103F
00020f   3e0f     andai   0xf              	ANDAI	0x0f
000210   5e2d     orra    0x2d             	ORRA	r0x1042
000211   4227     xorra   0x27             	XORRA	r0x103F
000212   59b5     movar   0x1b5            	MOVAR	_ADRL
000213   562b     movra   0x2b             	MOVRA	r0x1040
000214   762c     clrr    0x2c             	CLRR	r0x1041
000215   3c0f     movai   0xf              	MOVAI	0x0f
000216   7a2b     andra   0x2b             	ANDRA	r0x1040
000217   762c     clrr    0x2c             	CLRR	r0x1041
                                           ;;101	MOVAR	r0x1040
                                           ;;99	MOVRA	r0x1043
                                           ;;104	MOVAR	r0x1041
                                           ;;102	MOVRA	r0x1044
                                           ;;100	MOVAR	r0x1043
000218   582b     movar   0x2b             	MOVAR	r0x1040
000219   5e27     orra    0x27             	ORRA	r0x103F
                                           ;;103	MOVAR	r0x1044
00021a   3c00     movai   0                	MOVAI	0x00
00021b   5e2d     orra    0x2d             	ORRA	r0x1042
00021c   5827     movar   0x27             	MOVAR	r0x103F
00021d   7e2a     addra   0x2a             	ADDRA	r0x103C
00021e   582d     movar   0x2d             	MOVAR	r0x1042
00021f   f187     jbclr   0x187, 0         	JBCLR	PFLAG,0
000220   602d     jzar    0x2d             	JZAR	r0x1042
000221   7e29     addra   0x29             	ADDRA	r0x103D
                                           ;	.line	280; "MC32F7361.c"	for (i = 0; i < 16; i++) {
000222   6628     incr    0x28             	INCR	r0x103E
                                           ;;unsigned compare: left < lit(0x10=16), size=1
000223   3c10     movai   0x10             	MOVAI	0x10
000224   4828     rsubar  0x28             	RSUBAR	r0x103E
000225   e187     jbset   0x187, 0         	JBSET	PFLAG,0
000226   a203     goto    0x203            	GOTO	_00135_DS_
                                           ;;genSkipc:3291: created from rifx:013B5EFC
                                           ;	.line	288; "MC32F7361.c"	return (ret >> 4);
000227   442a     swapar  0x2a             	SWAPAR	r0x103C
000228   3e0f     andai   0xf              	ANDAI	0x0f
000229   5628     movra   0x28             	MOVRA	r0x103E
00022a   4429     swapar  0x29             	SWAPAR	r0x103D
00022b   5627     movra   0x27             	MOVRA	r0x103F
00022c   3ef0     andai   0xf0             	ANDAI	0xf0
00022d   5e28     orra    0x28             	ORRA	r0x103E
00022e   4227     xorra   0x27             	XORRA	r0x103F
00022f   5828     movar   0x28             	MOVAR	r0x103E
000230   5606     movra   0x6              	MOVRA	STK00
000231   5827     movar   0x27             	MOVAR	r0x103F
                                           ;	.line	289; "MC32F7361.c"	}
000232   000c     return                   	RETURN	
                                           ; exit point of _adc_convert
                                           
                                           ;***
                                           ;  pBlock Stats: dbName = C
                                           ;***
                                           ;entry:  _adc_config	;Function start
                                           ; 2 exit points
                                           ;has an exit
                                           ;functions called:
                                           ;   _delay_ms
                                           ;   _delay_ms
                                           ;4 compiler assigned registers:
                                           ;   r0x1048
                                           ;   STK02
                                           ;   STK01
                                           ;   STK00
                                           ;; Starting pCode block
                                           _adc_config	;Function start
                                           ; 2 exit points
                                           ;	.line	255; "MC32F7361.c"	P00PU = P00PD = 0; // 关闭上下拉
000233   d193     bclr    0x193, 0         	BCLR	_PDP0bits,0
000234   7633     clrr    0x33             	CLRR	r0x1048
000235   f193     jbclr   0x193, 0         	JBCLR	_PDP0bits,0
000236   6633     incr    0x33             	INCR	r0x1048
000237   4c33     rrar    0x33             	RRAR	r0x1048
000238   e187     jbset   0x187, 0         	JBSET	PFLAG,0
000239   d192     bclr    0x192, 0         	BCLR	_PUP0bits,0
00023a   f187     jbclr   0x187, 0         	JBCLR	PFLAG,0
00023b   c192     bset    0x192, 0         	BSET	_PUP0bits,0
                                           ;	.line	256; "MC32F7361.c"	P00OE = 0;         // 输入模式
00023c   d191     bclr    0x191, 0         	BCLR	_OEP0bits,0
                                           ;	.line	258; "MC32F7361.c"	P00DC = 1; // 使能模拟功能
00023d   c1b6     bset    0x1b6, 0         	BSET	_P0ADCRbits,0
                                           ;	.line	260; "MC32F7361.c"	ADCR0 = 0x0A; // 选择通道AN0、12位精度、不开始ad转换、使能adc
00023e   3c0a     movai   0xa              	MOVAI	0x0a
00023f   57b0     movra   0x1b0            	MOVRA	_ADCR0
                                           ;	.line	263; "MC32F7361.c"	ADCR1 = 0xE0;
000240   3ce0     movai   0xe0             	MOVAI	0xe0
000241   57b1     movra   0x1b1            	MOVRA	_ADCR1
                                           ;	.line	264; "MC32F7361.c"	ADCR2 = 0xFF; // adc采样时间，固定为15ADCLK，只能写0xFF
000242   3cff     movai   0xff             	MOVAI	0xff
000243   57b2     movra   0x1b2            	MOVRA	_ADCR2
                                           ;	.line	266; "MC32F7361.c"	ADEN = 1;    // 开启ADC
000244   c1b0     bset    0x1b0, 0         	BSET	_ADCR0bits,0
                                           ;	.line	267; "MC32F7361.c"	delay_ms(1); // 等待adc模块稳定
000245   3c01     movai   0x1              	MOVAI	0x01
000246   5604     movra   0x4              	MOVRA	STK02
000247   3c00     movai   0                	MOVAI	0x00
000248   5605     movra   0x5              	MOVRA	STK01
000249   3c00     movai   0                	MOVAI	0x00
00024a   5606     movra   0x6              	MOVRA	STK00
00024b   3c00     movai   0                	MOVAI	0x00
00024c   826f     call    0x26f            	CALL	_delay_ms
                                           ;	.line	268; "MC32F7361.c"	}
00024d   000c     return                   	RETURN	
                                           ; exit point of _adc_config
                                           
                                           ;***
                                           ;  pBlock Stats: dbName = C
                                           ;***
                                           ;entry:  _IO_Init	;Function start
                                           ; 2 exit points
                                           ;has an exit
                                           ;; Starting pCode block
                                           _IO_Init	;Function start
                                           ; 2 exit points
                                           ;	.line	224; "MC32F7361.c"	IOP0 = 0x00;   // io口数据位
00024e   7790     clrr    0x190            	CLRR	_IOP0
                                           ;	.line	225; "MC32F7361.c"	OEP0 = 0x3F;   // io口方向 1:out  0:in
00024f   3c3f     movai   0x3f             	MOVAI	0x3f
000250   5791     movra   0x191            	MOVRA	_OEP0
                                           ;	.line	226; "MC32F7361.c"	PUP0 = 0x00;   // io口上拉电阻   1:enable  0:disable
000251   7792     clrr    0x192            	CLRR	_PUP0
                                           ;	.line	227; "MC32F7361.c"	PDP0 = 0x00;   // io口下拉电阻   1:enable  0:disable
000252   7793     clrr    0x193            	CLRR	_PDP0
                                           ;	.line	228; "MC32F7361.c"	P0ADCR = 0x00; // io类型选择  1:模拟输入  0:通用io
000253   77b6     clrr    0x1b6            	CLRR	_P0ADCR
                                           ;	.line	230; "MC32F7361.c"	IOP1 = 0x00;   // io口数据位
000254   7794     clrr    0x194            	CLRR	_IOP1
                                           ;	.line	231; "MC32F7361.c"	OEP1 = 0xFF;   // io口方向 1:out  0:in
000255   3cff     movai   0xff             	MOVAI	0xff
000256   5795     movra   0x195            	MOVRA	_OEP1
                                           ;	.line	232; "MC32F7361.c"	PUP1 = 0x00;   // io口上拉电阻   1:enable  0:disable
000257   7796     clrr    0x196            	CLRR	_PUP1
                                           ;	.line	233; "MC32F7361.c"	PDP1 = 0x00;   // io口下拉电阻   1:enable  0:disable
000258   7797     clrr    0x197            	CLRR	_PDP1
                                           ;	.line	234; "MC32F7361.c"	P1ADCR = 0x00; // io类型选择  1:模拟输入  0:通用io
000259   77b7     clrr    0x1b7            	CLRR	_P1ADCR
                                           ;	.line	236; "MC32F7361.c"	IOP2 = 0x00; // io口数据位
00025a   77b8     clrr    0x1b8            	CLRR	_IOP2
                                           ;	.line	237; "MC32F7361.c"	OEP2 = 0x0F; // io口方向 1:out  0:in
00025b   3c0f     movai   0xf              	MOVAI	0x0f
00025c   57b9     movra   0x1b9            	MOVRA	_OEP2
                                           ;	.line	238; "MC32F7361.c"	PUP2 = 0x00; // io口上拉电阻   1:enable  0:disable
00025d   77ba     clrr    0x1ba            	CLRR	_PUP2
                                           ;	.line	239; "MC32F7361.c"	PDP2 = 0x00; // io口下拉电阻   1:enable  0:disablea
00025e   77bb     clrr    0x1bb            	CLRR	_PDP2
                                           ;	.line	241; "MC32F7361.c"	PMOD = 0x00;  // P00、P01、P13 io端口值从寄存器读，推挽输出
00025f   77bc     clrr    0x1bc            	CLRR	_PMOD
                                           ;	.line	242; "MC32F7361.c"	DRVCR = 0x80; // 普通驱动
000260   3c80     movai   0x80             	MOVAI	0x80
000261   578c     movra   0x18c            	MOVRA	_DRVCR
                                           ;	.line	245; "MC32F7361.c"	}
000262   000c     return                   	RETURN	
                                           ; exit point of _IO_Init
                                           
                                           ;***
                                           ;  pBlock Stats: dbName = C
                                           ;***
                                           ;entry:  _CLR_RAM	;Function start
                                           ; 2 exit points
                                           ;has an exit
                                           ;; Starting pCode block
                                           _CLR_RAM	;Function start
                                           ; 2 exit points
                                           ;	.line	209; "MC32F7361.c"	for (FSR0 = 0; FSR0 < 0xff; FSR0++) {
000263   7784     clrr    0x184            	CLRR	_FSR0
                                           ;;unsigned compare: left < lit(0xFF=255), size=1
                                           _00118_DS_
000264   3cff     movai   0xff             	MOVAI	0xff
000265   4984     rsubar  0x184            	RSUBAR	_FSR0
000266   f187     jbclr   0x187, 0         	JBCLR	PFLAG,0
000267   a26b     goto    0x26b            	GOTO	_00116_DS_
                                           ;;genSkipc:3291: created from rifx:013B5EFC
                                           ;	.line	210; "MC32F7361.c"	INDF0 = 0x00;
000268   7780     clrr    0x180            	CLRR	_INDF0
                                           ;	.line	209; "MC32F7361.c"	for (FSR0 = 0; FSR0 < 0xff; FSR0++) {
000269   6784     incr    0x184            	INCR	_FSR0
00026a   a264     goto    0x264            	GOTO	_00118_DS_
                                           _00116_DS_
                                           ;	.line	212; "MC32F7361.c"	FSR0 = 0xFF;
00026b   3cff     movai   0xff             	MOVAI	0xff
00026c   5784     movra   0x184            	MOVRA	_FSR0
                                           ;	.line	213; "MC32F7361.c"	INDF0 = 0x00;
00026d   7780     clrr    0x180            	CLRR	_INDF0
                                           ;	.line	214; "MC32F7361.c"	}
00026e   000c     return                   	RETURN	
                                           ; exit point of _CLR_RAM
                                           
                                           ;***
                                           ;  pBlock Stats: dbName = C
                                           ;***
                                           ;entry:  _delay_ms	;Function start
                                           ; 2 exit points
                                           ;has an exit
                                           ;15 compiler assigned registers:
                                           ;   r0x103C
                                           ;   STK00
                                           ;   r0x103D
                                           ;   STK01
                                           ;   r0x103E
                                           ;   STK02
                                           ;   r0x103F
                                           ;   r0x1040
                                           ;   r0x1041
                                           ;   r0x1042
                                           ;   r0x1043
                                           ;   r0x1044
                                           ;   r0x1045
                                           ;   r0x1046
                                           ;   r0x1047
                                           ;; Starting pCode block
                                           _delay_ms	;Function start
                                           ; 2 exit points
                                           ;	.line	74; "MC32F7361.c"	void delay_ms(u32 xms)
00026f   562a     movra   0x2a             	MOVRA	r0x103C
000270   5806     movar   0x6              	MOVAR	STK00
000271   5629     movra   0x29             	MOVRA	r0x103D
000272   5805     movar   0x5              	MOVAR	STK01
000273   5628     movra   0x28             	MOVRA	r0x103E
000274   5804     movar   0x4              	MOVAR	STK02
000275   5627     movra   0x27             	MOVRA	r0x103F
                                           _00108_DS_
                                           ;	.line	76; "MC32F7361.c"	while (xms) {
000276   5827     movar   0x27             	MOVAR	r0x103F
000277   5c28     orar    0x28             	ORAR	r0x103E
000278   5c29     orar    0x29             	ORAR	r0x103D
000279   5c2a     orar    0x2a             	ORAR	r0x103C
00027a   f587     jbclr   0x187, 0x2       	JBCLR	PFLAG,2
00027b   a2a9     goto    0x2a9            	GOTO	_00111_DS_
                                           ;	.line	78; "MC32F7361.c"	while (i--) {
00027c   3c32     movai   0x32             	MOVAI	0x32
00027d   562b     movra   0x2b             	MOVRA	r0x1040
00027e   3c01     movai   0x1              	MOVAI	0x01
00027f   562c     movra   0x2c             	MOVRA	r0x1041
000280   762d     clrr    0x2d             	CLRR	r0x1042
000281   762e     clrr    0x2e             	CLRR	r0x1043
                                           _00105_DS_
000282   582b     movar   0x2b             	MOVAR	r0x1040
000283   562f     movra   0x2f             	MOVRA	r0x1044
000284   582c     movar   0x2c             	MOVAR	r0x1041
000285   5630     movra   0x30             	MOVRA	r0x1045
000286   582d     movar   0x2d             	MOVAR	r0x1042
000287   5631     movra   0x31             	MOVRA	r0x1046
000288   582e     movar   0x2e             	MOVAR	r0x1043
000289   5632     movra   0x32             	MOVRA	r0x1047
00028a   3cff     movai   0xff             	MOVAI	0xff
00028b   7e2b     addra   0x2b             	ADDRA	r0x1040
00028c   3cff     movai   0xff             	MOVAI	0xff
00028d   e187     jbset   0x187, 0         	JBSET	PFLAG,0
00028e   7e2c     addra   0x2c             	ADDRA	r0x1041
00028f   3cff     movai   0xff             	MOVAI	0xff
000290   e187     jbset   0x187, 0         	JBSET	PFLAG,0
000291   7e2d     addra   0x2d             	ADDRA	r0x1042
000292   3cff     movai   0xff             	MOVAI	0xff
000293   e187     jbset   0x187, 0         	JBSET	PFLAG,0
000294   7e2e     addra   0x2e             	ADDRA	r0x1043
000295   582f     movar   0x2f             	MOVAR	r0x1044
000296   5c30     orar    0x30             	ORAR	r0x1045
000297   5c31     orar    0x31             	ORAR	r0x1046
000298   5c32     orar    0x32             	ORAR	r0x1047
000299   f587     jbclr   0x187, 0x2       	JBCLR	PFLAG,2
00029a   a29d     goto    0x29d            	GOTO	_00107_DS_
                                           ;	.line	79; "MC32F7361.c"	Nop();
00029b   0000     nop                      	nop
00029c   a282     goto    0x282            	GOTO	_00105_DS_
                                           _00107_DS_
                                           ;	.line	81; "MC32F7361.c"	xms--;
00029d   3cff     movai   0xff             	MOVAI	0xff
00029e   7e27     addra   0x27             	ADDRA	r0x103F
00029f   3cff     movai   0xff             	MOVAI	0xff
0002a0   e187     jbset   0x187, 0         	JBSET	PFLAG,0
0002a1   7e28     addra   0x28             	ADDRA	r0x103E
0002a2   3cff     movai   0xff             	MOVAI	0xff
0002a3   e187     jbset   0x187, 0         	JBSET	PFLAG,0
0002a4   7e29     addra   0x29             	ADDRA	r0x103D
0002a5   3cff     movai   0xff             	MOVAI	0xff
0002a6   e187     jbset   0x187, 0         	JBSET	PFLAG,0
0002a7   7e2a     addra   0x2a             	ADDRA	r0x103C
0002a8   a276     goto    0x276            	GOTO	_00108_DS_
                                           _00111_DS_
                                           ;	.line	83; "MC32F7361.c"	}
0002a9   000c     return                   	RETURN	
                                           ; exit point of _delay_ms
                                           
                                           
                                           ;	code size estimation:
                                           ;	  666+    0 =   666 instructions ( 1332 byte)
                                           
                                           	end
                                           ;--------------------------------------------------------
                                           ; File Created by SN-SDCC : SinoMCU ANSI-C Compiler
                                           ; Version 2.0.0 (Dec 11 2019) (MINGW32)
                                           ; This file was generated Tue Oct 06 11:53:22 2026
                                           ;--------------------------------------------------------
                                           ; MC32 port for the RISC core
                                           ;--------------------------------------------------------
                                           ;	.file	"MC32F7361.c"
                                           	list	p=7361
                                           	radix dec
                                           	include "7361.inc"
                                           ;--------------------------------------------------------
                                           ; external declarations
                                           ;--------------------------------------------------------
                                           	extern	_INDF0bits
                                           	extern	_INDF1bits
                                           	extern	_INDF2bits
                                           	extern	_HIBYTEbits
                                           	extern	_FSR0bits
                                           	extern	_FSR1bits
                                           	extern	_PCLbits
                                           	extern	_PFLAGbits
                                           	extern	_MCRbits
                                           	extern	_INDF3bits
                                           	extern	_INTEbits
                                           	extern	_INTFbits
                                           	extern	_DRVCRbits
                                           	extern	_P0KBCRbits
                                           	extern	_P1KBCRbits
                                           	extern	_P2KBCRbits
                                           	extern	_IOP0bits
                                           	extern	_OEP0bits
                                           	extern	_PUP0bits
                                           	extern	_PDP0bits
                                           	extern	_IOP1bits
                                           	extern	_OEP1bits
                                           	extern	_PUP1bits
                                           	extern	_PDP1bits
                                           	extern	_T0CRbits
                                           	extern	_T0CNTbits
                                           	extern	_T0LOADbits
                                           	extern	_T0DATAbits
                                           	extern	_T1CRbits
                                           	extern	_T1CNTbits
                                           	extern	_T1LOADbits
                                           	extern	_T1DATAbits
                                           	extern	_T2CRbits
                                           	extern	_T2CNTbits
                                           	extern	_T2LOADbits
                                           	extern	_T2DATAbits
                                           	extern	_T3CRbits
                                           	extern	_T3CNTbits
                                           	extern	_T3LOADbits
                                           	extern	_PWM0DRbits
                                           	extern	_PWM1DRbits
                                           	extern	_PWM2DRbits
                                           	extern	_PWMCR0bits
                                           	extern	_PWMCR1bits
                                           	extern	_OSCMRbits
                                           	extern	_LVDCRbits
                                           	extern	_ADCR0bits
                                           	extern	_ADCR1bits
                                           	extern	_ADCR2bits
                                           	extern	_OSADJCRbits
                                           	extern	_ADRHbits
                                           	extern	_ADRLbits
                                           	extern	_P0ADCRbits
                                           	extern	_P1ADCRbits
                                           	extern	_IOP2bits
                                           	extern	_OEP2bits
                                           	extern	_PUP2bits
                                           	extern	_PDP2bits
                                           	extern	_PMODbits
                                           	extern	_PWMCR3bits
                                           	extern	_PWMCR2bits
                                           	extern	_PFRCCRbits
                                           	extern	_PFRCCALbits
                                           	extern	_EECRbits
                                           	extern	_EEPRbits
                                           	extern	_EEARbits
                                           	extern	_EEDRHbits
                                           	extern	_EEDRLbits
                                           	extern	_DBGCRbits
                                           	extern	_DBGPRbits
                                           	extern	_HIRCCALbits
                                           	extern	_INDF0
                                           	extern	_INDF1
                                           	extern	_INDF2
                                           	extern	_HIBYTE
                                           	extern	_FSR0
                                           	extern	_FSR1
                                           	extern	_PCL
                                           	extern	_PFLAG
                                           	extern	_MCR
                                           	extern	_INDF3
                                           	extern	_INTE
                                           	extern	_INTF
                                           	extern	_DRVCR
                                           	extern	_P0KBCR
                                           	extern	_P1KBCR
                                           	extern	_P2KBCR
                                           	extern	_IOP0
                                           	extern	_OEP0
                                           	extern	_PUP0
                                           	extern	_PDP0
                                           	extern	_IOP1
                                           	extern	_OEP1
                                           	extern	_PUP1
                                           	extern	_PDP1
                                           	extern	_T0CR
                                           	extern	_T0CNT
                                           	extern	_T0LOAD
                                           	extern	_T0DATA
                                           	extern	_T1CR
                                           	extern	_T1CNT
                                           	extern	_T1LOAD
                                           	extern	_T1DATA
                                           	extern	_T2CR
                                           	extern	_T2CNT
                                           	extern	_T2LOAD
                                           	extern	_T2DATA
                                           	extern	_T3CR
                                           	extern	_T3CNT
                                           	extern	_T3LOAD
                                           	extern	_PWM0DR
                                           	extern	_PWM1DR
                                           	extern	_PWM2DR
                                           	extern	_PWMCR0
                                           	extern	_PWMCR1
                                           	extern	_OSCMR
                                           	extern	_LVDCR
                                           	extern	_ADCR0
                                           	extern	_ADCR1
                                           	extern	_ADCR2
                                           	extern	_OSADJCR
                                           	extern	_ADRH
                                           	extern	_ADRL
                                           	extern	_P0ADCR
                                           	extern	_P1ADCR
                                           	extern	_IOP2
                                           	extern	_OEP2
                                           	extern	_PUP2
                                           	extern	_PDP2
                                           	extern	_PMOD
                                           	extern	_PWMCR3
                                           	extern	_PWMCR2
                                           	extern	_PFRCCR
                                           	extern	_PFRCCAL
                                           	extern	_EECR
                                           	extern	_EEPR
                                           	extern	_EEAR
                                           	extern	_EEDRH
                                           	extern	_EEDRL
                                           	extern	_DBGCR
                                           	extern	_DBGPR
                                           	extern	_HIRCCAL
                                           	extern	__gptrget2
                                           ;--------------------------------------------------------
                                           ; global declarations
                                           ;--------------------------------------------------------
                                           	global	_Sys_Init
                                           	global	_IO_Init
                                           	global	_CLR_RAM
                                           	global	_delay_ms
                                           	global	_adc_config
                                           	global	_adc_convert
                                           	global	_timer0_config
                                           	global	_led_show_buf_update
                                           	global	_led_show_refresh
                                           	global	_main
                                           	global	_int_isr
                                           	global	_adc_val_buf
                                           	global	_adc_val_buf_cnt
                                           	global	_is_adc_val_buf_initialized
                                           	global	_adc_sum
                                           	global	_adc_get_filter_val_cnt
                                           	global	_tmp_val_u16
                                           	global	_led_show_buff
                                           	global	_i
                                           	global	_last_fuel_lev
                                           	global	_cur_fuel_lev
                                           	global	_low_fuel_alert_enter_cnt
                                           	global	_low_fuel_alert_exit_cnt
                                           	global	_adc_val
                                           	global	_led_refresh_time_cnt
                                           	global	_abuf
                                           	global	_statusbuf
                                           	global	_flag1
                                           	global	_adc_val_cmp_table
                                           
                                           	global STK06
                                           	global STK05
                                           	global STK04
                                           	global STK03
                                           	global STK02
                                           	global STK01
                                           	global STK00
                                           
                                           sharebank udata_ovr 0x0000
                                           STK06	res 1
                                           STK05	res 1
                                           STK04	res 1
                                           STK03	res 1
                                           STK02	res 1
                                           STK01	res 1
                                           STK00	res 1
                                           
                                           ;--------------------------------------------------------
                                           ; global definitions
                                           ;--------------------------------------------------------
                                           UD_MC32F7361_0	udata
                                           _led_show_buff	res	10
                                           
                                           UD_MC32F7361_1	udata
                                           _i	res	1
                                           
                                           UD_MC32F7361_2	udata
                                           _last_fuel_lev	res	1
                                           
                                           UD_MC32F7361_3	udata
                                           _cur_fuel_lev	res	1
                                           
                                           UD_MC32F7361_4	udata
                                           _low_fuel_alert_enter_cnt	res	1
                                           
                                           UD_MC32F7361_5	udata
                                           _low_fuel_alert_exit_cnt	res	1
                                           
                                           UD_MC32F7361_6	udata
                                           _adc_val	res	2
                                           
                                           UD_MC32F7361_7	udata
                                           _led_refresh_time_cnt	res	2
                                           
                                           UD_MC32F7361_8	udata
                                           _abuf	res	1
                                           
                                           UD_MC32F7361_9	udata
                                           _statusbuf	res	1
                                           
                                           UD_MC32F7361_10	udata
                                           _flag1	res	1
                                           
                                           ;--------------------------------------------------------
                                           ; absolute symbol definitions
                                           ;--------------------------------------------------------
                                           ;--------------------------------------------------------
                                           ; compiler-defined variables
                                           ;--------------------------------------------------------
                                           UDL_MC32F7361_0	udata
                                           r0x103F	res	1
                                           r0x103E	res	1
                                           r0x103D	res	1
                                           r0x103C	res	1
                                           r0x1040	res	1
                                           r0x1041	res	1
                                           r0x1042	res	1
                                           r0x1043	res	1
                                           r0x1044	res	1
                                           r0x1045	res	1
                                           r0x1046	res	1
                                           r0x1047	res	1
                                           r0x1048	res	1
                                           r0x1049	res	1
                                           r0x104A	res	1
                                           r0x104B	res	1
                                           r0x104C	res	1
                                           r0x104D	res	1
                                           r0x104E	res	1
                                           ;--------------------------------------------------------
                                           ; initialized data
                                           ;--------------------------------------------------------
                                           
                                           ID_MC32F7361_0	idata
                                           _adc_val_buf
                                           	db	0x00, 0x00
                                           	db	0x00, 0x00
                                           	db	0x00, 0x00
                                           	db	0x00, 0x00
                                           	db	0x00, 0x00
                                           	db	0x00, 0x00
                                           	db	0x00, 0x00
                                           	db	0x00, 0x00
                                           	db	0x00, 0x00
                                           	db	0x00, 0x00
                                           	db	0x00, 0x00
                                           	db	0x00, 0x00
                                           	db	0x00, 0x00
                                           	db	0x00, 0x00
                                           	db	0x00, 0x00
                                           	db	0x00, 0x00
                                           
                                           
                                           ID_MC32F7361_1	idata
                                           _adc_val_buf_cnt
                                           	db	0x00
                                           
                                           
                                           ID_MC32F7361_2	idata
                                           _is_adc_val_buf_initialized
                                           	db	0x00
                                           
                                           
                                           ID_MC32F7361_3	idata
                                           _adc_sum
                                           	db	0x00, 0x00
                                           
                                           
                                           ID_MC32F7361_4	idata
                                           _adc_get_filter_val_cnt
                                           	db	0x00, 0x00
                                           
                                           
                                           ID_MC32F7361_5	idata
                                           _tmp_val_u16
                                           	db	0x00, 0x00
                                           
                                           
                                           ID_MC32F7361_6	code
                                           _adc_val_cmp_table
                                           	dw 0xdd
                                           	dw 0x00
                                           	dw 0xba
                                           	dw 0x01
                                           	dw 0x97
                                           	dw 0x02
                                           	dw 0x74
                                           	dw 0x03
                                           	dw 0x51
                                           	dw 0x04
                                           	dw 0x2e
                                           	dw 0x05
                                           	dw 0x0b
                                           	dw 0x06
                                           	dw 0xe8
                                           	dw 0x06
                                           	dw 0xc5
                                           	dw 0x07
                                           	dw 0xa3
                                           	dw 0x08
                                           
                                           
                                           ;@Allocation info for local variables in function 'delay_ms'
                                           ;@delay_ms Sys_Init                  Allocated to registers ;size:2
                                           ;@delay_ms CLR_RAM                   Allocated to registers ;size:2
                                           ;@delay_ms IO_Init                   Allocated to registers ;size:2
                                           ;@delay_ms delay_ms                  Allocated to registers ;size:2
                                           ;@delay_ms INDF0bits                 Allocated to registers ;size:1
                                           ;@delay_ms INDF1bits                 Allocated to registers ;size:1
                                           ;@delay_ms INDF2bits                 Allocated to registers ;size:1
                                           ;@delay_ms HIBYTEbits                Allocated to registers ;size:1
                                           ;@delay_ms FSR0bits                  Allocated to registers ;size:1
                                           ;@delay_ms FSR1bits                  Allocated to registers ;size:1
                                           ;@delay_ms PCLbits                   Allocated to registers ;size:1
                                           ;@delay_ms PFLAGbits                 Allocated to registers ;size:1
                                           ;@delay_ms MCRbits                   Allocated to registers ;size:1
                                           ;@delay_ms INDF3bits                 Allocated to registers ;size:1
                                           ;@delay_ms INTEbits                  Allocated to registers ;size:1
                                           ;@delay_ms INTFbits                  Allocated to registers ;size:1
                                           ;@delay_ms DRVCRbits                 Allocated to registers ;size:1
                                           ;@delay_ms P0KBCRbits                Allocated to registers ;size:1
                                           ;@delay_ms P1KBCRbits                Allocated to registers ;size:1
                                           ;@delay_ms P2KBCRbits                Allocated to registers ;size:1
                                           ;@delay_ms IOP0bits                  Allocated to registers ;size:1
                                           ;@delay_ms OEP0bits                  Allocated to registers ;size:1
                                           ;@delay_ms PUP0bits                  Allocated to registers ;size:1
                                           ;@delay_ms PDP0bits                  Allocated to registers ;size:1
                                           ;@delay_ms IOP1bits                  Allocated to registers ;size:1
                                           ;@delay_ms OEP1bits                  Allocated to registers ;size:1
                                           ;@delay_ms PUP1bits                  Allocated to registers ;size:1
                                           ;@delay_ms PDP1bits                  Allocated to registers ;size:1
                                           ;@delay_ms T0CRbits                  Allocated to registers ;size:1
                                           ;@delay_ms T0CNTbits                 Allocated to registers ;size:1
                                           ;@delay_ms T0LOADbits                Allocated to registers ;size:1
                                           ;@delay_ms T0DATAbits                Allocated to registers ;size:1
                                           ;@delay_ms T1CRbits                  Allocated to registers ;size:1
                                           ;@delay_ms T1CNTbits                 Allocated to registers ;size:1
                                           ;@delay_ms T1LOADbits                Allocated to registers ;size:1
                                           ;@delay_ms T1DATAbits                Allocated to registers ;size:1
                                           ;@delay_ms T2CRbits                  Allocated to registers ;size:1
                                           ;@delay_ms T2CNTbits                 Allocated to registers ;size:1
                                           ;@delay_ms T2LOADbits                Allocated to registers ;size:1
                                           ;@delay_ms T2DATAbits                Allocated to registers ;size:1
                                           ;@delay_ms T3CRbits                  Allocated to registers ;size:1
                                           ;@delay_ms T3CNTbits                 Allocated to registers ;size:1
                                           ;@delay_ms T3LOADbits                Allocated to registers ;size:1
                                           ;@delay_ms PWM0DRbits                Allocated to registers ;size:1
                                           ;@delay_ms PWM1DRbits                Allocated to registers ;size:1
                                           ;@delay_ms PWM2DRbits                Allocated to registers ;size:1
                                           ;@delay_ms PWMCR0bits                Allocated to registers ;size:1
                                           ;@delay_ms PWMCR1bits                Allocated to registers ;size:1
                                           ;@delay_ms OSCMRbits                 Allocated to registers ;size:1
                                           ;@delay_ms LVDCRbits                 Allocated to registers ;size:1
                                           ;@delay_ms ADCR0bits                 Allocated to registers ;size:1
                                           ;@delay_ms ADCR1bits                 Allocated to registers ;size:1
                                           ;@delay_ms ADCR2bits                 Allocated to registers ;size:1
                                           ;@delay_ms OSADJCRbits               Allocated to registers ;size:1
                                           ;@delay_ms ADRHbits                  Allocated to registers ;size:1
                                           ;@delay_ms ADRLbits                  Allocated to registers ;size:1
                                           ;@delay_ms P0ADCRbits                Allocated to registers ;size:1
                                           ;@delay_ms P1ADCRbits                Allocated to registers ;size:1
                                           ;@delay_ms IOP2bits                  Allocated to registers ;size:1
                                           ;@delay_ms OEP2bits                  Allocated to registers ;size:1
                                           ;@delay_ms PUP2bits                  Allocated to registers ;size:1
                                           ;@delay_ms PDP2bits                  Allocated to registers ;size:1
                                           ;@delay_ms PMODbits                  Allocated to registers ;size:1
                                           ;@delay_ms PWMCR3bits                Allocated to registers ;size:1
                                           ;@delay_ms PWMCR2bits                Allocated to registers ;size:1
                                           ;@delay_ms PFRCCRbits                Allocated to registers ;size:1
                                           ;@delay_ms PFRCCALbits               Allocated to registers ;size:1
                                           ;@delay_ms EECRbits                  Allocated to registers ;size:1
                                           ;@delay_ms EEPRbits                  Allocated to registers ;size:1
                                           ;@delay_ms EEARbits                  Allocated to registers ;size:1
                                           ;@delay_ms EEDRHbits                 Allocated to registers ;size:1
                                           ;@delay_ms EEDRLbits                 Allocated to registers ;size:1
                                           ;@delay_ms DBGCRbits                 Allocated to registers ;size:1
                                           ;@delay_ms DBGPRbits                 Allocated to registers ;size:1
                                           ;@delay_ms HIRCCALbits               Allocated to registers ;size:1
                                           ;@delay_ms adc_val_buf               Allocated to registers ;size:32
                                           ;@delay_ms adc_val_buf_cnt           Allocated to registers ;size:1
                                           ;@delay_ms is_adc_val_buf_initialized Allocated to registers ;size:1
                                           ;@delay_ms adc_sum                   Allocated to registers ;size:2
                                           ;@delay_ms adc_get_filter_val_cnt    Allocated to registers ;size:2
                                           ;@delay_ms tmp_val_u16               Allocated to registers ;size:2
                                           ;@delay_ms led_show_buff             Allocated to registers ;size:10
                                           ;@delay_ms i                         Allocated to registers ;size:1
                                           ;@delay_ms last_fuel_lev             Allocated to registers ;size:1
                                           ;@delay_ms cur_fuel_lev              Allocated to registers ;size:1
                                           ;@delay_ms low_fuel_alert_enter_cnt  Allocated to registers ;size:1
                                           ;@delay_ms low_fuel_alert_exit_cnt   Allocated to registers ;size:1
                                           ;@delay_ms adc_val                   Allocated to registers ;size:2
                                           ;@delay_ms led_refresh_time_cnt      Allocated to registers ;size:2
                                           ;@delay_ms abuf                      Allocated to registers ;size:1
                                           ;@delay_ms statusbuf                 Allocated to registers ;size:1
                                           ;@delay_ms flag1                     Allocated to registers ;size:1
                                           ;@delay_ms xms                       Allocated to registers ;size:4
                                           ;@delay_ms i                         Allocated to registers r0x1040 r0x1041 r0x1042 r0x1043 ;size:4
                                           ;@delay_ms INDF0                     Allocated to registers ;size:1
                                           ;@delay_ms INDF1                     Allocated to registers ;size:1
                                           ;@delay_ms INDF2                     Allocated to registers ;size:1
                                           ;@delay_ms HIBYTE                    Allocated to registers ;size:1
                                           ;@delay_ms FSR0                      Allocated to registers ;size:1
                                           ;@delay_ms FSR1                      Allocated to registers ;size:1
                                           ;@delay_ms PCL                       Allocated to registers ;size:1
                                           ;@delay_ms PFLAG                     Allocated to registers ;size:1
                                           ;@delay_ms MCR                       Allocated to registers ;size:1
                                           ;@delay_ms INDF3                     Allocated to registers ;size:1
                                           ;@delay_ms INTE                      Allocated to registers ;size:1
                                           ;@delay_ms INTF                      Allocated to registers ;size:1
                                           ;@delay_ms DRVCR                     Allocated to registers ;size:1
                                           ;@delay_ms P0KBCR                    Allocated to registers ;size:1
                                           ;@delay_ms P1KBCR                    Allocated to registers ;size:1
                                           ;@delay_ms P2KBCR                    Allocated to registers ;size:1
                                           ;@delay_ms IOP0                      Allocated to registers ;size:1
                                           ;@delay_ms OEP0                      Allocated to registers ;size:1
                                           ;@delay_ms PUP0                      Allocated to registers ;size:1
                                           ;@delay_ms PDP0                      Allocated to registers ;size:1
                                           ;@delay_ms IOP1                      Allocated to registers ;size:1
                                           ;@delay_ms OEP1                      Allocated to registers ;size:1
                                           ;@delay_ms PUP1                      Allocated to registers ;size:1
                                           ;@delay_ms PDP1                      Allocated to registers ;size:1
                                           ;@delay_ms T0CR                      Allocated to registers ;size:1
                                           ;@delay_ms T0CNT                     Allocated to registers ;size:1
                                           ;@delay_ms T0LOAD                    Allocated to registers ;size:1
                                           ;@delay_ms T0DATA                    Allocated to registers ;size:1
                                           ;@delay_ms T1CR                      Allocated to registers ;size:1
                                           ;@delay_ms T1CNT                     Allocated to registers ;size:1
                                           ;@delay_ms T1LOAD                    Allocated to registers ;size:1
                                           ;@delay_ms T1DATA                    Allocated to registers ;size:1
                                           ;@delay_ms T2CR                      Allocated to registers ;size:1
                                           ;@delay_ms T2CNT                     Allocated to registers ;size:1
                                           ;@delay_ms T2LOAD                    Allocated to registers ;size:1
                                           ;@delay_ms T2DATA                    Allocated to registers ;size:1
                                           ;@delay_ms T3CR                      Allocated to registers ;size:1
                                           ;@delay_ms T3CNT                     Allocated to registers ;size:1
                                           ;@delay_ms T3LOAD                    Allocated to registers ;size:1
                                           ;@delay_ms PWM0DR                    Allocated to registers ;size:1
                                           ;@delay_ms PWM1DR                    Allocated to registers ;size:1
                                           ;@delay_ms PWM2DR                    Allocated to registers ;size:1
                                           ;@delay_ms PWMCR0                    Allocated to registers ;size:1
                                           ;@delay_ms PWMCR1                    Allocated to registers ;size:1
                                           ;@delay_ms OSCMR                     Allocated to registers ;size:1
                                           ;@delay_ms LVDCR                     Allocated to registers ;size:1
                                           ;@delay_ms ADCR0                     Allocated to registers ;size:1
                                           ;@delay_ms ADCR1                     Allocated to registers ;size:1
                                           ;@delay_ms ADCR2                     Allocated to registers ;size:1
                                           ;@delay_ms OSADJCR                   Allocated to registers ;size:1
                                           ;@delay_ms ADRH                      Allocated to registers ;size:1
                                           ;@delay_ms ADRL                      Allocated to registers ;size:1
                                           ;@delay_ms P0ADCR                    Allocated to registers ;size:1
                                           ;@delay_ms P1ADCR                    Allocated to registers ;size:1
                                           ;@delay_ms IOP2                      Allocated to registers ;size:1
                                           ;@delay_ms OEP2                      Allocated to registers ;size:1
                                           ;@delay_ms PUP2                      Allocated to registers ;size:1
                                           ;@delay_ms PDP2                      Allocated to registers ;size:1
                                           ;@delay_ms PMOD                      Allocated to registers ;size:1
                                           ;@delay_ms PWMCR3                    Allocated to registers ;size:1
                                           ;@delay_ms PWMCR2                    Allocated to registers ;size:1
                                           ;@delay_ms PFRCCR                    Allocated to registers ;size:1
                                           ;@delay_ms PFRCCAL                   Allocated to registers ;size:1
                                           ;@delay_ms EECR                      Allocated to registers ;size:1
                                           ;@delay_ms EEPR                      Allocated to registers ;size:1
                                           ;@delay_ms EEAR                      Allocated to registers ;size:1
                                           ;@delay_ms EEDRH                     Allocated to registers ;size:1
                                           ;@delay_ms EEDRL                     Allocated to registers ;size:1
                                           ;@delay_ms DBGCR                     Allocated to registers ;size:1
                                           ;@delay_ms DBGPR                     Allocated to registers ;size:1
                                           ;@delay_ms HIRCCAL                   Allocated to registers ;size:1
                                           ;@end Allocation info for local variables in function 'delay_ms';
                                           ;@Allocation info for local variables in function 'CLR_RAM'
                                           ;@end Allocation info for local variables in function 'CLR_RAM';
                                           ;@Allocation info for local variables in function 'IO_Init'
                                           ;@end Allocation info for local variables in function 'IO_Init';
                                           ;@Allocation info for local variables in function 'adc_config'
                                           ;@end Allocation info for local variables in function 'adc_config';
                                           ;@Allocation info for local variables in function 'adc_convert'
                                           ;@adc_convert i                         Allocated to registers r0x103E ;size:1
                                           ;@adc_convert val                       Allocated to registers r0x103F ;size:1
                                           ;@adc_convert ret                       Allocated to registers r0x103C r0x103D ;size:2
                                           ;@end Allocation info for local variables in function 'adc_convert';
                                           ;@Allocation info for local variables in function 'timer0_config'
                                           ;@end Allocation info for local variables in function 'timer0_config';
                                           ;@Allocation info for local variables in function 'Sys_Init'
                                           ;@end Allocation info for local variables in function 'Sys_Init';
                                           ;@Allocation info for local variables in function 'led_show_buf_update'
                                           ;@led_show_buf_update led_show_range            Allocated to registers r0x103C ;size:1
                                           ;@end Allocation info for local variables in function 'led_show_buf_update';
                                           ;@Allocation info for local variables in function 'led_show_refresh'
                                           ;@end Allocation info for local variables in function 'led_show_refresh';
                                           ;@Allocation info for local variables in function 'main'
                                           ;@end Allocation info for local variables in function 'main';
                                           ;@Allocation info for local variables in function 'int_isr'
                                           ;@end Allocation info for local variables in function 'int_isr';
                                           
                                           ;--------------------------------------------------------
                                           ; overlayable items in internal ram 
                                           ;--------------------------------------------------------
                                           ;	udata_ovr
                                           ;--------------------------------------------------------
                                           ; reset vector 
                                           ;--------------------------------------------------------
                                           STARTUP	code 0x0000
                                           	goto	_main
                                           ;--------------------------------------------------------
                                           ; interrupt and initialization code
                                           ;--------------------------------------------------------
                                           c_interrupt	code	0x8
                                           __sdcc_interrupt
                                           ;***
                                           ;  pBlock Stats: dbName = I
                                           ;***
                                           ;entry:  _int_isr	;Function start
                                           ; 0 exit points
                                           ;2 compiler assigned registers:
                                           ;   r0x104D
                                           ;   r0x104E
                                           ;; Starting pCode block
                                           _int_isr	;Function start
                                           ; 0 exit points
                                           ;	.line	549; "MC32F7361.c"	__endasm;
                                           	;
                                           	movra	_abuf;
                                           	swapar	_PFLAG;
                                           	movra	_statusbuf;
                                           	
                                           ;	.line	551; "MC32F7361.c"	if (T0IF & T0IE) {
                                           	CLRR	r0x104D
                                           	JBCLR	_INTFbits,0
                                           	INCR	r0x104D
                                           	CLRR	r0x104E
                                           	JBCLR	_INTEbits,0
                                           	INCR	r0x104E
                                           	MOVAR	r0x104E
                                           	ANDRA	r0x104D
                                           	MOVAI	0x00
                                           	ORAR	r0x104D
                                           	JBCLR	PFLAG,2
                                           	GOTO	_00375_DS_
                                           ;	.line	552; "MC32F7361.c"	T0IF = 0; // 清除中断标志
                                           	BCLR	_INTFbits,0
                                           ;;unsigned compare: left < lit(0xFFFF=65535), size=2
                                           ;	.line	554; "MC32F7361.c"	if (adc_get_filter_val_cnt < ((u16)-1)) {
                                           	MOVAI	0xff
                                           	RSUBAR	(_adc_get_filter_val_cnt + 1)
                                           	JBSET	PFLAG,2
                                           	GOTO	_00390_DS_
                                           	MOVAI	0xff
                                           	RSUBAR	_adc_get_filter_val_cnt
                                           _00390_DS_
                                           	JBCLR	PFLAG,0
                                           	GOTO	_00371_DS_
                                           ;;genSkipc:3291: created from rifx:013B5EFC
                                           ;	.line	555; "MC32F7361.c"	adc_get_filter_val_cnt++;
                                           	INCR	_adc_get_filter_val_cnt
                                           	JBCLR	PFLAG,2
                                           	INCR	(_adc_get_filter_val_cnt + 1)
                                           ;;unsigned compare: left < lit(0xFFFF=65535), size=2
                                           _00371_DS_
                                           ;	.line	558; "MC32F7361.c"	if (led_refresh_time_cnt < ((u16)-1)) {
                                           	MOVAI	0xff
                                           	RSUBAR	(_led_refresh_time_cnt + 1)
                                           	JBSET	PFLAG,2
                                           	GOTO	_00391_DS_
                                           	MOVAI	0xff
                                           	RSUBAR	_led_refresh_time_cnt
                                           _00391_DS_
                                           	JBCLR	PFLAG,0
                                           	GOTO	_00375_DS_
                                           ;;genSkipc:3291: created from rifx:013B5EFC
                                           ;	.line	559; "MC32F7361.c"	led_refresh_time_cnt++;
                                           	INCR	_led_refresh_time_cnt
                                           	JBCLR	PFLAG,2
                                           	INCR	(_led_refresh_time_cnt + 1)
                                           _00375_DS_
                                           ;	.line	568; "MC32F7361.c"	__endasm;
                                           	;
                                           	swapar	_statusbuf;
                                           	movra	_PFLAG;
                                           	swapr	_abuf;
                                           	swapar	_abuf;
                                           	
                                           END_OF_INTERRUPT
                                           ;	.line	569; "MC32F7361.c"	}
                                           	RETIE	
                                           
                                           ;--------------------------------------------------------
                                           ; code
                                           ;--------------------------------------------------------
                                           code_MC32F7361	code
                                           ;***
                                           ;  pBlock Stats: dbName = M
                                           ;***
                                           ;entry:  _main	;Function start
                                           ; 2 exit points
                                           ;has an exit
                                           ;functions called:
                                           ;   _Sys_Init
                                           ;   _led_show_buf_update
                                           ;   _led_show_refresh
                                           ;   _delay_ms
                                           ;   _led_show_buf_update
                                           ;   _led_show_refresh
                                           ;   _delay_ms
                                           ;   _adc_convert
                                           ;   __gptrget2
                                           ;   _led_show_buf_update
                                           ;   _led_show_refresh
                                           ;   _led_show_buf_update
                                           ;   _led_show_buf_update
                                           ;   _led_show_refresh
                                           ;   _led_show_buf_update
                                           ;   _led_show_refresh
                                           ;   _Sys_Init
                                           ;   _led_show_buf_update
                                           ;   _led_show_refresh
                                           ;   _delay_ms
                                           ;   _led_show_buf_update
                                           ;   _led_show_refresh
                                           ;   _delay_ms
                                           ;   _adc_convert
                                           ;   __gptrget2
                                           ;   _led_show_buf_update
                                           ;   _led_show_refresh
                                           ;   _led_show_buf_update
                                           ;   _led_show_buf_update
                                           ;   _led_show_refresh
                                           ;   _led_show_buf_update
                                           ;   _led_show_refresh
                                           ;7 compiler assigned registers:
                                           ;   STK02
                                           ;   STK01
                                           ;   STK00
                                           ;   r0x1049
                                           ;   r0x104A
                                           ;   r0x104B
                                           ;   r0x104C
                                           ;; Starting pCode block
                                           _main	;Function start
                                           ; 2 exit points
                                           ;	.line	370; "MC32F7361.c"	Sys_Init();
                                           	CALL	_Sys_Init
                                           ;	.line	373; "MC32F7361.c"	led_show_buf_update(ARRAY_SIZE(led_show_buff));
                                           	MOVAI	0x0a
                                           	CALL	_led_show_buf_update
                                           ;	.line	374; "MC32F7361.c"	led_show_refresh();
                                           	CALL	_led_show_refresh
                                           ;	.line	375; "MC32F7361.c"	delay_ms(1000);
                                           	MOVAI	0xe8
                                           	MOVRA	STK02
                                           	MOVAI	0x03
                                           	MOVRA	STK01
                                           	MOVAI	0x00
                                           	MOVRA	STK00
                                           	MOVAI	0x00
                                           	CALL	_delay_ms
                                           ;	.line	378; "MC32F7361.c"	led_show_buf_update(1);
                                           	MOVAI	0x01
                                           	CALL	_led_show_buf_update
                                           ;	.line	379; "MC32F7361.c"	led_show_refresh();
                                           	CALL	_led_show_refresh
                                           ;	.line	380; "MC32F7361.c"	delay_ms(500);
                                           	MOVAI	0xf4
                                           	MOVRA	STK02
                                           	MOVAI	0x01
                                           	MOVRA	STK01
                                           	MOVAI	0x00
                                           	MOVRA	STK00
                                           	MOVAI	0x00
                                           	CALL	_delay_ms
                                           ;	.line	383; "MC32F7361.c"	last_fuel_lev = 1;
                                           	MOVAI	0x01
                                           	MOVRA	_last_fuel_lev
                                           ;	.line	384; "MC32F7361.c"	cur_fuel_lev = 1;
                                           	MOVAI	0x01
                                           	MOVRA	_cur_fuel_lev
                                           _00241_DS_
                                           ;	.line	387; "MC32F7361.c"	tmp_val_u16 = adc_convert();
                                           	CALL	_adc_convert
                                           	MOVRA	(_tmp_val_u16 + 1)
                                           	MOVAR	STK00
                                           	MOVRA	_tmp_val_u16
                                           ;	.line	395; "MC32F7361.c"	if (0 == is_adc_val_buf_initialized) {
                                           	MOVAI	0x00
                                           	ORAR	_is_adc_val_buf_initialized
                                           	JBSET	PFLAG,2
                                           	GOTO	_00201_DS_
                                           ;	.line	397; "MC32F7361.c"	is_adc_val_buf_initialized = 1;
                                           	MOVAI	0x01
                                           	MOVRA	_is_adc_val_buf_initialized
                                           ;	.line	398; "MC32F7361.c"	for (i = 0; i < ARRAY_SIZE(adc_val_buf); i++) {
                                           	CLRR	_i
                                           ;;unsigned compare: left < lit(0x10=16), size=1
                                           _00244_DS_
                                           	MOVAI	0x10
                                           	RSUBAR	_i
                                           	JBCLR	PFLAG,0
                                           	GOTO	_00197_DS_
                                           ;;genSkipc:3291: created from rifx:013B5EFC
                                           ;	.line	399; "MC32F7361.c"	adc_val_buf[i] = tmp_val_u16;
                                           	BCLR	PFLAG,0
                                           	RLAR	_i
                                           	MOVRA	r0x1049
                                           	MOVAR	r0x1049
                                           	ADDAI	(_adc_val_buf + 0)
                                           	MOVRA	r0x1049
                                           	MOVAI	high (_adc_val_buf + 0)
                                           	JBCLR	PFLAG,0
                                           	ADDAI	0x01
                                           	MOVRA	r0x104A
                                           	MOVAR	r0x1049
                                           	MOVRA	FSR0
                                           	MOVAR	r0x104A
                                           	MOVRA	FSR1
                                           	MOVAR	_tmp_val_u16
                                           	MOVRA	INDF2
                                           	INCR	FSR0
                                           	JBCLR	PFLAG,2
                                           	INCR	FSR1
                                           	MOVAR	(_tmp_val_u16 + 1)
                                           	MOVRA	INDF2
                                           ;	.line	398; "MC32F7361.c"	for (i = 0; i < ARRAY_SIZE(adc_val_buf); i++) {
                                           	INCR	_i
                                           	GOTO	_00244_DS_
                                           _00197_DS_
                                           ;	.line	401; "MC32F7361.c"	adc_val_buf_cnt = 0;
                                           	CLRR	_adc_val_buf_cnt
                                           	GOTO	_00202_DS_
                                           _00201_DS_
                                           ;	.line	403; "MC32F7361.c"	adc_val_buf[adc_val_buf_cnt] = tmp_val_u16;
                                           	BCLR	PFLAG,0
                                           	RLAR	_adc_val_buf_cnt
                                           	MOVRA	r0x1049
                                           	MOVAR	r0x1049
                                           	ADDAI	(_adc_val_buf + 0)
                                           	MOVRA	r0x1049
                                           	MOVAI	high (_adc_val_buf + 0)
                                           	JBCLR	PFLAG,0
                                           	ADDAI	0x01
                                           	MOVRA	r0x104A
                                           	MOVAR	r0x1049
                                           	MOVRA	FSR0
                                           	MOVAR	r0x104A
                                           	MOVRA	FSR1
                                           	MOVAR	_tmp_val_u16
                                           	MOVRA	INDF2
                                           	INCR	FSR0
                                           	JBCLR	PFLAG,2
                                           	INCR	FSR1
                                           	MOVAR	(_tmp_val_u16 + 1)
                                           	MOVRA	INDF2
                                           ;	.line	404; "MC32F7361.c"	adc_val_buf_cnt++;
                                           	INCR	_adc_val_buf_cnt
                                           ;;unsigned compare: left < lit(0x10=16), size=1
                                           ;	.line	405; "MC32F7361.c"	if (adc_val_buf_cnt >= ARRAY_SIZE(adc_val_buf)) {
                                           	MOVAI	0x10
                                           	RSUBAR	_adc_val_buf_cnt
                                           	JBSET	PFLAG,0
                                           	GOTO	_00202_DS_
                                           ;;genSkipc:3291: created from rifx:013B5EFC
                                           ;	.line	406; "MC32F7361.c"	adc_val_buf_cnt = 0;
                                           	CLRR	_adc_val_buf_cnt
                                           ;;unsigned compare: left < lit(0x1F4=500), size=2
                                           _00202_DS_
                                           ;	.line	410; "MC32F7361.c"	if (adc_get_filter_val_cnt >= ADC_GET_FILTER_VAL_INTERVAL) {
                                           	MOVAI	0x01
                                           	RSUBAR	(_adc_get_filter_val_cnt + 1)
                                           	JBSET	PFLAG,2
                                           	GOTO	_00356_DS_
                                           	MOVAI	0xf4
                                           	RSUBAR	_adc_get_filter_val_cnt
                                           _00356_DS_
                                           	JBSET	PFLAG,0
                                           	GOTO	_00224_DS_
                                           ;;genSkipc:3291: created from rifx:013B5EFC
                                           ;	.line	412; "MC32F7361.c"	GIE = 0; // 关中断，保证16位计数清零不会被中断打断
                                           	BCLR	_MCRbits,7
                                           ;	.line	413; "MC32F7361.c"	adc_get_filter_val_cnt = 0; // 原子清零
                                           	CLRR	_adc_get_filter_val_cnt
                                           	CLRR	(_adc_get_filter_val_cnt + 1)
                                           ;	.line	414; "MC32F7361.c"	GIE = 1;
                                           	BSET	_MCRbits,7
                                           ;	.line	417; "MC32F7361.c"	adc_sum = 0;
                                           	CLRR	_adc_sum
                                           	CLRR	(_adc_sum + 1)
                                           ;	.line	418; "MC32F7361.c"	for (i = 0; i < ARRAY_SIZE(adc_val_buf); i++) {
                                           	CLRR	_i
                                           ;;unsigned compare: left < lit(0x10=16), size=1
                                           _00247_DS_
                                           	MOVAI	0x10
                                           	RSUBAR	_i
                                           	JBCLR	PFLAG,0
                                           	GOTO	_00203_DS_
                                           ;;genSkipc:3291: created from rifx:013B5EFC
                                           ;	.line	419; "MC32F7361.c"	adc_sum += adc_val_buf[i];
                                           	BCLR	PFLAG,0
                                           	RLAR	_i
                                           	MOVRA	r0x1049
                                           	MOVAR	r0x1049
                                           	ADDAI	(_adc_val_buf + 0)
                                           	MOVRA	r0x1049
                                           	MOVAI	high (_adc_val_buf + 0)
                                           	JBCLR	PFLAG,0
                                           	ADDAI	0x01
                                           	MOVRA	r0x104A
                                           	MOVAR	r0x1049
                                           	MOVRA	FSR0
                                           	MOVAR	r0x104A
                                           	MOVRA	FSR1
                                           	MOVAR	INDF2
                                           	MOVRA	r0x104B
                                           	INCR	FSR0
                                           	JBCLR	PFLAG,2
                                           	INCR	FSR1
                                           	MOVAR	INDF2
                                           	MOVRA	r0x104C
                                           	MOVAR	r0x104B
                                           	ADDRA	_adc_sum
                                           	MOVAR	r0x104C
                                           	JBCLR	PFLAG,0
                                           	JZAR	r0x104C
                                           	ADDRA	(_adc_sum + 1)
                                           ;	.line	418; "MC32F7361.c"	for (i = 0; i < ARRAY_SIZE(adc_val_buf); i++) {
                                           	INCR	_i
                                           	GOTO	_00247_DS_
                                           _00203_DS_
                                           ;	.line	421; "MC32F7361.c"	adc_val = (u16)((adc_sum + 8) >> 4);
                                           	MOVAI	0x08
                                           	ADDAR	_adc_sum
                                           	MOVRA	r0x1049
                                           	CLRR	r0x104A
                                           	RLR	r0x104A
                                           	MOVAR	(_adc_sum + 1)
                                           	ADDRA	r0x104A
                                           	SWAPAR	r0x1049
                                           	ANDAI	0x0f
                                           	MOVRA	_adc_val
                                           	SWAPAR	r0x104A
                                           	MOVRA	(_adc_val + 1)
                                           	ANDAI	0xf0
                                           	ORRA	_adc_val
                                           	XORRA	(_adc_val + 1)
                                           ;	.line	428; "MC32F7361.c"	cur_fuel_lev = 0; // 默认为低油量提示对应的挡位
                                           	CLRR	_cur_fuel_lev
                                           ;	.line	429; "MC32F7361.c"	for (i = 0; i < ARRAY_SIZE(adc_val_cmp_table); i++) {
                                           	CLRR	_i
                                           ;;unsigned compare: left < lit(0xA=10), size=1
                                           _00250_DS_
                                           	MOVAI	0x0a
                                           	RSUBAR	_i
                                           	JBCLR	PFLAG,0
                                           	GOTO	_00206_DS_
                                           ;;genSkipc:3291: created from rifx:013B5EFC
                                           ;	.line	430; "MC32F7361.c"	if (adc_val <= adc_val_cmp_table[i]) {
                                           	BCLR	PFLAG,0
                                           	RLAR	_i
                                           	MOVRA	r0x1049
                                           	MOVAR	r0x1049
                                           	ADDAI	(_adc_val_cmp_table + 0)
                                           	MOVRA	r0x1049
                                           	MOVAI	high (_adc_val_cmp_table + 0)
                                           	JBCLR	PFLAG,0
                                           	ADDAI	0x01
                                           	MOVRA	r0x104A
                                           	MOVAR	r0x1049
                                           	MOVRA	STK01
                                           	MOVAR	r0x104A
                                           	MOVRA	STK00
                                           	MOVAI	0x80
                                           	CALL	__gptrget2
                                           	MOVRA	r0x104C
                                           	MOVAR	STK00
                                           	MOVRA	r0x104B
                                           	MOVAR	(_adc_val + 1)
                                           	RSUBAR	r0x104C
                                           	JBSET	PFLAG,2
                                           	GOTO	_00359_DS_
                                           	MOVAR	_adc_val
                                           	RSUBAR	r0x104B
                                           _00359_DS_
                                           	JBSET	PFLAG,0
                                           	GOTO	_00251_DS_
                                           ;;genSkipc:3291: created from rifx:013B5EFC
                                           ;	.line	431; "MC32F7361.c"	cur_fuel_lev = ARRAY_SIZE(adc_val_cmp_table) - i;
                                           	MOVAR	_i
                                           	ISUBAI	0x0a
                                           	MOVRA	_cur_fuel_lev
                                           ;	.line	432; "MC32F7361.c"	break;
                                           	GOTO	_00206_DS_
                                           _00251_DS_
                                           ;	.line	429; "MC32F7361.c"	for (i = 0; i < ARRAY_SIZE(adc_val_cmp_table); i++) {
                                           	INCR	_i
                                           	GOTO	_00250_DS_
                                           _00206_DS_
                                           ;	.line	451; "MC32F7361.c"	flag_is_low_fuel_detected = 0;
                                           	BCLR	_flag1,1
                                           ;	.line	452; "MC32F7361.c"	if (cur_fuel_lev == 0) {
                                           	MOVAI	0x00
                                           	ORAR	_cur_fuel_lev
                                           	JBSET	PFLAG,2
                                           	GOTO	_00210_DS_
                                           ;	.line	454; "MC32F7361.c"	cur_fuel_lev = 1;
                                           	MOVAI	0x01
                                           	MOVRA	_cur_fuel_lev
                                           ;;unsigned compare: left < lit(0x9BD=2493), size=2
                                           ;	.line	455; "MC32F7361.c"	if (adc_val >= ADC_VAL_UNCONNECTED_TH) {
                                           	MOVAI	0x09
                                           	RSUBAR	(_adc_val + 1)
                                           	JBSET	PFLAG,2
                                           	GOTO	_00360_DS_
                                           	MOVAI	0xbd
                                           	RSUBAR	_adc_val
                                           _00360_DS_
                                           	JBSET	PFLAG,0
                                           	GOTO	_00210_DS_
                                           ;;genSkipc:3291: created from rifx:013B5EFC
                                           ;	.line	457; "MC32F7361.c"	flag_is_low_fuel_detected = 1;
                                           	BSET	_flag1,1
                                           _00210_DS_
                                           ;	.line	463; "MC32F7361.c"	if (flag_is_low_fuel_detected) {
                                           	JBSET	_flag1,1
                                           	GOTO	_00221_DS_
                                           ;	.line	464; "MC32F7361.c"	low_fuel_alert_exit_cnt = 0; // 重新检测到报警条件，退出计数清零
                                           	CLRR	_low_fuel_alert_exit_cnt
                                           ;	.line	466; "MC32F7361.c"	if (!flag_is_in_low_fuel_alert && last_fuel_lev <= 1) {
                                           	JBCLR	_flag1,0
                                           	GOTO	_00224_DS_
                                           ;;swapping arguments (AOP_TYPEs 1/3)
                                           ;;unsigned compare: left >= lit(0x2=2), size=1
                                           	MOVAI	0x02
                                           	RSUBAR	_last_fuel_lev
                                           	JBCLR	PFLAG,0
                                           	GOTO	_00224_DS_
                                           ;;genSkipc:3291: created from rifx:013B5EFC
                                           ;	.line	467; "MC32F7361.c"	low_fuel_alert_enter_cnt++;
                                           	INCR	_low_fuel_alert_enter_cnt
                                           ;;unsigned compare: left < lit(0xF=15), size=1
                                           ;	.line	468; "MC32F7361.c"	if (low_fuel_alert_enter_cnt >= LOW_FUEL_ALERT_ENTER_CNT) {
                                           	MOVAI	0x0f
                                           	RSUBAR	_low_fuel_alert_enter_cnt
                                           	JBSET	PFLAG,0
                                           	GOTO	_00224_DS_
                                           ;;genSkipc:3291: created from rifx:013B5EFC
                                           ;	.line	469; "MC32F7361.c"	flag_is_in_low_fuel_alert = 1;
                                           	BSET	_flag1,0
                                           ;	.line	471; "MC32F7361.c"	GIE = 0;
                                           	BCLR	_MCRbits,7
                                           ;	.line	472; "MC32F7361.c"	led_refresh_time_cnt = 0;
                                           	CLRR	_led_refresh_time_cnt
                                           	CLRR	(_led_refresh_time_cnt + 1)
                                           ;	.line	473; "MC32F7361.c"	GIE = 1;
                                           	BSET	_MCRbits,7
                                           	GOTO	_00224_DS_
                                           _00221_DS_
                                           ;	.line	477; "MC32F7361.c"	low_fuel_alert_enter_cnt = 0; // 检测到正常油量，进入计数清零
                                           	CLRR	_low_fuel_alert_enter_cnt
                                           ;	.line	478; "MC32F7361.c"	if (flag_is_in_low_fuel_alert) {
                                           	JBSET	_flag1,0
                                           	GOTO	_00224_DS_
                                           ;	.line	480; "MC32F7361.c"	low_fuel_alert_exit_cnt++;
                                           	INCR	_low_fuel_alert_exit_cnt
                                           ;;unsigned compare: left < lit(0x2=2), size=1
                                           ;	.line	481; "MC32F7361.c"	if (low_fuel_alert_exit_cnt >= LOW_FUEL_ALERT_EXIT_CNT) {
                                           	MOVAI	0x02
                                           	RSUBAR	_low_fuel_alert_exit_cnt
                                           	JBSET	PFLAG,0
                                           	GOTO	_00224_DS_
                                           ;;genSkipc:3291: created from rifx:013B5EFC
                                           ;	.line	482; "MC32F7361.c"	flag_is_in_low_fuel_alert = 0;
                                           	BCLR	_flag1,0
                                           ;	.line	485; "MC32F7361.c"	GIE = 0;
                                           	BCLR	_MCRbits,7
                                           ;	.line	486; "MC32F7361.c"	led_refresh_time_cnt = 0;
                                           	CLRR	_led_refresh_time_cnt
                                           	CLRR	(_led_refresh_time_cnt + 1)
                                           ;	.line	487; "MC32F7361.c"	GIE = 1;
                                           	BSET	_MCRbits,7
                                           ;	.line	489; "MC32F7361.c"	last_fuel_lev = 1;
                                           	MOVAI	0x01
                                           	MOVRA	_last_fuel_lev
                                           ;	.line	490; "MC32F7361.c"	led_show_buf_update(last_fuel_lev);
                                           	MOVAR	_last_fuel_lev
                                           	CALL	_led_show_buf_update
                                           ;	.line	491; "MC32F7361.c"	led_show_refresh();
                                           	CALL	_led_show_refresh
                                           _00224_DS_
                                           ;	.line	498; "MC32F7361.c"	if (flag_is_in_low_fuel_alert) {
                                           	JBSET	_flag1,0
                                           	GOTO	_00238_DS_
                                           ;;unsigned compare: left < lit(0x1F4=500), size=2
                                           ;	.line	500; "MC32F7361.c"	LED_REFRESH_INTERVAL_MS_IN_LOW_FUEL_ALERT) {
                                           	MOVAI	0x01
                                           	RSUBAR	(_led_refresh_time_cnt + 1)
                                           	JBSET	PFLAG,2
                                           	GOTO	_00364_DS_
                                           	MOVAI	0xf4
                                           	RSUBAR	_led_refresh_time_cnt
                                           _00364_DS_
                                           	JBSET	PFLAG,0
                                           	GOTO	_00241_DS_
                                           ;;genSkipc:3291: created from rifx:013B5EFC
                                           ;	.line	501; "MC32F7361.c"	GIE = 0; // 关中断，保证16位计数清零不会被中断打断
                                           	BCLR	_MCRbits,7
                                           ;	.line	502; "MC32F7361.c"	led_refresh_time_cnt = 0;
                                           	CLRR	_led_refresh_time_cnt
                                           	CLRR	(_led_refresh_time_cnt + 1)
                                           ;	.line	503; "MC32F7361.c"	GIE = 1;
                                           	BSET	_MCRbits,7
                                           ;	.line	506; "MC32F7361.c"	if (led_show_buff[0] == LED_OFF) {
                                           	MOVAR	(_led_show_buff + 0)
                                           	MOVRA	r0x1049
                                           	MOVAR	r0x1049
                                           	XORAI	0x01
                                           	JBSET	PFLAG,2
                                           	GOTO	_00226_DS_
                                           ;	.line	508; "MC32F7361.c"	led_show_buf_update(1);
                                           	MOVAI	0x01
                                           	CALL	_led_show_buf_update
                                           	GOTO	_00227_DS_
                                           _00226_DS_
                                           ;	.line	511; "MC32F7361.c"	led_show_buf_update(0);
                                           	MOVAI	0x00
                                           	CALL	_led_show_buf_update
                                           _00227_DS_
                                           ;	.line	513; "MC32F7361.c"	led_show_refresh();
                                           	CALL	_led_show_refresh
                                           	GOTO	_00241_DS_
                                           ;;unsigned compare: left < lit(0x3E8=1000), size=2
                                           _00238_DS_
                                           ;	.line	516; "MC32F7361.c"	if (led_refresh_time_cnt >= LED_REFRESH_INTERVAL_MS) {
                                           	MOVAI	0x03
                                           	RSUBAR	(_led_refresh_time_cnt + 1)
                                           	JBSET	PFLAG,2
                                           	GOTO	_00365_DS_
                                           	MOVAI	0xe8
                                           	RSUBAR	_led_refresh_time_cnt
                                           _00365_DS_
                                           	JBSET	PFLAG,0
                                           	GOTO	_00241_DS_
                                           ;;genSkipc:3291: created from rifx:013B5EFC
                                           ;	.line	517; "MC32F7361.c"	GIE = 0; // 关中断，保证16位计数清零不会被中断打断
                                           	BCLR	_MCRbits,7
                                           ;	.line	518; "MC32F7361.c"	led_refresh_time_cnt = 0;
                                           	CLRR	_led_refresh_time_cnt
                                           	CLRR	(_led_refresh_time_cnt + 1)
                                           ;	.line	519; "MC32F7361.c"	GIE = 1;
                                           	BSET	_MCRbits,7
                                           ;	.line	520; "MC32F7361.c"	if (last_fuel_lev < cur_fuel_lev) {
                                           	MOVAR	_cur_fuel_lev
                                           	RSUBAR	_last_fuel_lev
                                           	JBCLR	PFLAG,0
                                           	GOTO	_00233_DS_
                                           ;;genSkipc:3291: created from rifx:013B5EFC
                                           ;	.line	523; "MC32F7361.c"	last_fuel_lev++;
                                           	INCR	_last_fuel_lev
                                           	GOTO	_00234_DS_
                                           _00233_DS_
                                           ;	.line	524; "MC32F7361.c"	} else if (last_fuel_lev > cur_fuel_lev) {
                                           	MOVAR	_last_fuel_lev
                                           	RSUBAR	_cur_fuel_lev
                                           	JBCLR	PFLAG,0
                                           	GOTO	_00234_DS_
                                           ;;genSkipc:3291: created from rifx:013B5EFC
                                           ;	.line	527; "MC32F7361.c"	last_fuel_lev--;
                                           	DECR	_last_fuel_lev
                                           _00234_DS_
                                           ;	.line	530; "MC32F7361.c"	led_show_buf_update(last_fuel_lev);
                                           	MOVAR	_last_fuel_lev
                                           	CALL	_led_show_buf_update
                                           ;	.line	531; "MC32F7361.c"	led_show_refresh();
                                           	CALL	_led_show_refresh
                                           	GOTO	_00241_DS_
                                           ;	.line	535; "MC32F7361.c"	}
                                           	RETURN	
                                           ; exit point of _main
                                           
                                           ;***
                                           ;  pBlock Stats: dbName = C
                                           ;***
                                           ;entry:  _led_show_refresh	;Function start
                                           ; 2 exit points
                                           ;has an exit
                                           ;1 compiler assigned register :
                                           ;   r0x103C
                                           ;; Starting pCode block
                                           _led_show_refresh	;Function start
                                           ; 2 exit points
                                           ;	.line	356; "MC32F7361.c"	LED_0_PIN = led_show_buff[0];
                                           	MOVAR	(_led_show_buff + 0)
                                           	MOVRA	r0x103C
                                           	RRAR	r0x103C
                                           	JBSET	PFLAG,0
                                           	BCLR	_IOP1bits,7
                                           	JBCLR	PFLAG,0
                                           	BSET	_IOP1bits,7
                                           ;	.line	357; "MC32F7361.c"	LED_1_PIN = led_show_buff[1];
                                           	MOVAR	(_led_show_buff + 1)
                                           	MOVRA	r0x103C
                                           	RRAR	r0x103C
                                           	JBSET	PFLAG,0
                                           	BCLR	_IOP0bits,1
                                           	JBCLR	PFLAG,0
                                           	BSET	_IOP0bits,1
                                           ;	.line	358; "MC32F7361.c"	LED_2_PIN = led_show_buff[2];
                                           	MOVAR	(_led_show_buff + 2)
                                           	MOVRA	r0x103C
                                           	RRAR	r0x103C
                                           	JBSET	PFLAG,0
                                           	BCLR	_IOP0bits,2
                                           	JBCLR	PFLAG,0
                                           	BSET	_IOP0bits,2
                                           ;	.line	359; "MC32F7361.c"	LED_3_PIN = led_show_buff[3];
                                           	MOVAR	(_led_show_buff + 3)
                                           	MOVRA	r0x103C
                                           	RRAR	r0x103C
                                           	JBSET	PFLAG,0
                                           	BCLR	_IOP0bits,3
                                           	JBCLR	PFLAG,0
                                           	BSET	_IOP0bits,3
                                           ;	.line	360; "MC32F7361.c"	LED_4_PIN = led_show_buff[4];
                                           	MOVAR	(_led_show_buff + 4)
                                           	MOVRA	r0x103C
                                           	RRAR	r0x103C
                                           	JBSET	PFLAG,0
                                           	BCLR	_IOP0bits,4
                                           	JBCLR	PFLAG,0
                                           	BSET	_IOP0bits,4
                                           ;	.line	361; "MC32F7361.c"	LED_5_PIN = led_show_buff[5];
                                           	MOVAR	(_led_show_buff + 5)
                                           	MOVRA	r0x103C
                                           	RRAR	r0x103C
                                           	JBSET	PFLAG,0
                                           	BCLR	_IOP1bits,1
                                           	JBCLR	PFLAG,0
                                           	BSET	_IOP1bits,1
                                           ;	.line	362; "MC32F7361.c"	LED_6_PIN = led_show_buff[6];
                                           	MOVAR	(_led_show_buff + 6)
                                           	MOVRA	r0x103C
                                           	RRAR	r0x103C
                                           	JBSET	PFLAG,0
                                           	BCLR	_IOP1bits,5
                                           	JBCLR	PFLAG,0
                                           	BSET	_IOP1bits,5
                                           ;	.line	363; "MC32F7361.c"	LED_7_PIN = led_show_buff[7];
                                           	MOVAR	(_led_show_buff + 7)
                                           	MOVRA	r0x103C
                                           	RRAR	r0x103C
                                           	JBSET	PFLAG,0
                                           	BCLR	_IOP1bits,4
                                           	JBCLR	PFLAG,0
                                           	BSET	_IOP1bits,4
                                           ;	.line	364; "MC32F7361.c"	LED_8_PIN = led_show_buff[8];
                                           	MOVAR	(_led_show_buff + 8)
                                           	MOVRA	r0x103C
                                           	RRAR	r0x103C
                                           	JBSET	PFLAG,0
                                           	BCLR	_IOP1bits,3
                                           	JBCLR	PFLAG,0
                                           	BSET	_IOP1bits,3
                                           ;	.line	365; "MC32F7361.c"	LED_9_PIN = led_show_buff[9];
                                           	MOVAR	(_led_show_buff + 9)
                                           	MOVRA	r0x103C
                                           	RRAR	r0x103C
                                           	JBSET	PFLAG,0
                                           	BCLR	_IOP1bits,6
                                           	JBCLR	PFLAG,0
                                           	BSET	_IOP1bits,6
                                           ;	.line	366; "MC32F7361.c"	}
                                           	RETURN	
                                           ; exit point of _led_show_refresh
                                           
                                           ;***
                                           ;  pBlock Stats: dbName = C
                                           ;***
                                           ;entry:  _led_show_buf_update	;Function start
                                           ; 2 exit points
                                           ;has an exit
                                           ;7 compiler assigned registers:
                                           ;   r0x103C
                                           ;   r0x103D
                                           ;   r0x103E
                                           ;   r0x103F
                                           ;   r0x1040
                                           ;   r0x1041
                                           ;   r0x1042
                                           ;; Starting pCode block
                                           _led_show_buf_update	;Function start
                                           ; 2 exit points
                                           ;	.line	332; "MC32F7361.c"	void led_show_buf_update(const u8 led_show_range)
                                           	MOVRA	r0x103C
                                           ;	.line	335; "MC32F7361.c"	for (i = 0; i < ARRAY_SIZE(led_show_buff); i++) {
                                           	CLRR	_i
                                           ;;unsigned compare: left < lit(0xA=10), size=1
                                           _00154_DS_
                                           	MOVAI	0x0a
                                           	RSUBAR	_i
                                           	JBCLR	PFLAG,0
                                           	GOTO	_00148_DS_
                                           ;;genSkipc:3291: created from rifx:013B5EFC
                                           ;	.line	336; "MC32F7361.c"	led_show_buff[i] = LED_OFF;
                                           	MOVAR	_i
                                           	ADDAI	(_led_show_buff + 0)
                                           	MOVRA	r0x103D
                                           	MOVAI	high (_led_show_buff + 0)
                                           	JBCLR	PFLAG,0
                                           	ADDAI	0x01
                                           	MOVRA	r0x103E
                                           	MOVAR	r0x103D
                                           	MOVRA	FSR0
                                           	MOVAR	r0x103E
                                           	MOVRA	FSR1
                                           	MOVAI	0x01
                                           	MOVRA	INDF2
                                           ;	.line	335; "MC32F7361.c"	for (i = 0; i < ARRAY_SIZE(led_show_buff); i++) {
                                           	INCR	_i
                                           	GOTO	_00154_DS_
                                           _00148_DS_
                                           ;	.line	346; "MC32F7361.c"	for (i = 0; i < ARRAY_SIZE(led_show_buff); i++) {
                                           	CLRR	_i
                                           ;;unsigned compare: left < lit(0x1=1), size=1
                                           	MOVAI	0x01
                                           	RSUBAR	r0x103C
                                           	CLRR	r0x103D
                                           	JBSET	PFLAG,0
                                           	BSET	r0x103D,0
                                           ;;unsigned compare: left < lit(0xA=10), size=1
                                           _00157_DS_
                                           	MOVAI	0x0a
                                           	RSUBAR	_i
                                           	JBCLR	PFLAG,0
                                           	GOTO	_00159_DS_
                                           ;;genSkipc:3291: created from rifx:013B5EFC
                                           ;	.line	347; "MC32F7361.c"	if (led_show_range >= 1 && (led_show_range - 1) >= i) {
                                           	MOVAI	0x00
                                           	ORAR	r0x103D
                                           	JBSET	PFLAG,2
                                           	GOTO	_00158_DS_
                                           	MOVAR	r0x103C
                                           	MOVRA	r0x103E
                                           	CLRR	r0x103F
                                           	MOVAI	0xff
                                           	ADDRA	r0x103E
                                           	JBSET	PFLAG,0
                                           	DECR	r0x103F
                                           	MOVAR	_i
                                           	MOVRA	r0x1040
                                           ;;1	CLRR	r0x1041
                                           	MOVAR	r0x103F
                                           	ADDAI	0x80
                                           	MOVRA	r0x1042
                                           	MOVAI	0x00
                                           	ADDAI	0x80
                                           	RSUBAR	r0x1042
                                           	JBSET	PFLAG,2
                                           	GOTO	_00188_DS_
                                           	MOVAR	r0x1040
                                           	RSUBAR	r0x103E
                                           _00188_DS_
                                           	JBSET	PFLAG,0
                                           	GOTO	_00158_DS_
                                           ;;genSkipc:3291: created from rifx:013B5EFC
                                           ;	.line	348; "MC32F7361.c"	led_show_buff[i] = LED_ON;
                                           	MOVAR	_i
                                           	ADDAI	(_led_show_buff + 0)
                                           	MOVRA	r0x103E
                                           	MOVAI	high (_led_show_buff + 0)
                                           	JBCLR	PFLAG,0
                                           	ADDAI	0x01
                                           	MOVRA	r0x103F
                                           	MOVAR	r0x103E
                                           	MOVRA	FSR0
                                           	MOVAR	r0x103F
                                           	MOVRA	FSR1
                                           	MOVAI	0x00
                                           	MOVRA	INDF2
                                           _00158_DS_
                                           ;	.line	346; "MC32F7361.c"	for (i = 0; i < ARRAY_SIZE(led_show_buff); i++) {
                                           	INCR	_i
                                           	GOTO	_00157_DS_
                                           _00159_DS_
                                           ;	.line	351; "MC32F7361.c"	}
                                           	RETURN	
                                           ; exit point of _led_show_buf_update
                                           
                                           ;***
                                           ;  pBlock Stats: dbName = C
                                           ;***
                                           ;entry:  _Sys_Init	;Function start
                                           ; 2 exit points
                                           ;has an exit
                                           ;functions called:
                                           ;   _CLR_RAM
                                           ;   _IO_Init
                                           ;   _adc_config
                                           ;   _timer0_config
                                           ;   _CLR_RAM
                                           ;   _IO_Init
                                           ;   _adc_config
                                           ;   _timer0_config
                                           ;; Starting pCode block
                                           _Sys_Init	;Function start
                                           ; 2 exit points
                                           ;	.line	310; "MC32F7361.c"	GIE = 0;
                                           	BCLR	_MCRbits,7
                                           ;	.line	311; "MC32F7361.c"	CLR_RAM();
                                           	CALL	_CLR_RAM
                                           ;	.line	312; "MC32F7361.c"	IO_Init();
                                           	CALL	_IO_Init
                                           ;	.line	314; "MC32F7361.c"	adc_config();
                                           	CALL	_adc_config
                                           ;	.line	316; "MC32F7361.c"	timer0_config();
                                           	CALL	_timer0_config
                                           ;	.line	318; "MC32F7361.c"	GIE = 1;
                                           	BSET	_MCRbits,7
                                           ;	.line	319; "MC32F7361.c"	}
                                           	RETURN	
                                           ; exit point of _Sys_Init
                                           
                                           ;***
                                           ;  pBlock Stats: dbName = C
                                           ;***
                                           ;entry:  _timer0_config	;Function start
                                           ; 2 exit points
                                           ;has an exit
                                           ;; Starting pCode block
                                           _timer0_config	;Function start
                                           ; 2 exit points
                                           ;	.line	296; "MC32F7361.c"	T0CR = 0x85;
                                           	MOVAI	0x85
                                           	MOVRA	_T0CR
                                           ;	.line	298; "MC32F7361.c"	T0LOAD = (u8)(250 - 1); // 计数250次，约 1ms 产生一次中断
                                           	MOVAI	0xf9
                                           	MOVRA	_T0LOAD
                                           ;	.line	299; "MC32F7361.c"	T0IE = 1;
                                           	BSET	_INTEbits,0
                                           ;	.line	300; "MC32F7361.c"	}
                                           	RETURN	
                                           ; exit point of _timer0_config
                                           
                                           ;***
                                           ;  pBlock Stats: dbName = C
                                           ;***
                                           ;entry:  _adc_convert	;Function start
                                           ; 2 exit points
                                           ;has an exit
                                           ;10 compiler assigned registers:
                                           ;   r0x103C
                                           ;   r0x103D
                                           ;   r0x103E
                                           ;   r0x103F
                                           ;   r0x1040
                                           ;   r0x1041
                                           ;   r0x1042
                                           ;   r0x1043
                                           ;   r0x1044
                                           ;   STK00
                                           ;; Starting pCode block
                                           _adc_convert	;Function start
                                           ; 2 exit points
                                           ;	.line	279; "MC32F7361.c"	u16 ret = 0;
                                           	CLRR	r0x103C
                                           	CLRR	r0x103D
                                           ;	.line	280; "MC32F7361.c"	for (i = 0; i < 16; i++) {
                                           	CLRR	r0x103E
                                           _00135_DS_
                                           ;	.line	281; "MC32F7361.c"	ADEOC = 0; // 写0开始ad转换
                                           	BCLR	_ADCR0bits,1
                                           _00131_DS_
                                           ;	.line	282; "MC32F7361.c"	while (!ADEOC)
                                           	JBSET	_ADCR0bits,1
                                           	GOTO	_00131_DS_
                                           ;	.line	284; "MC32F7361.c"	val = ADRH;
                                           	MOVAR	_ADRH
                                           	MOVRA	r0x1040
                                           	MOVRA	r0x103F
                                           ;;105	MOVAR	r0x103F
                                           ;	.line	285; "MC32F7361.c"	ret += (u16)val << 4 | (ADRL & 0x0F);
                                           	CLRR	r0x1041
                                           	SWAPAR	r0x1041
                                           	ANDAI	0xf0
                                           	MOVRA	r0x1042
                                           	SWAPAR	r0x1040
                                           	MOVRA	r0x103F
                                           	ANDAI	0x0f
                                           	ORRA	r0x1042
                                           	XORRA	r0x103F
                                           	MOVAR	_ADRL
                                           	MOVRA	r0x1040
                                           	CLRR	r0x1041
                                           	MOVAI	0x0f
                                           	ANDRA	r0x1040
                                           	CLRR	r0x1041
                                           ;;101	MOVAR	r0x1040
                                           ;;99	MOVRA	r0x1043
                                           ;;104	MOVAR	r0x1041
                                           ;;102	MOVRA	r0x1044
                                           ;;100	MOVAR	r0x1043
                                           	MOVAR	r0x1040
                                           	ORRA	r0x103F
                                           ;;103	MOVAR	r0x1044
                                           	MOVAI	0x00
                                           	ORRA	r0x1042
                                           	MOVAR	r0x103F
                                           	ADDRA	r0x103C
                                           	MOVAR	r0x1042
                                           	JBCLR	PFLAG,0
                                           	JZAR	r0x1042
                                           	ADDRA	r0x103D
                                           ;	.line	280; "MC32F7361.c"	for (i = 0; i < 16; i++) {
                                           	INCR	r0x103E
                                           ;;unsigned compare: left < lit(0x10=16), size=1
                                           	MOVAI	0x10
                                           	RSUBAR	r0x103E
                                           	JBSET	PFLAG,0
                                           	GOTO	_00135_DS_
                                           ;;genSkipc:3291: created from rifx:013B5EFC
                                           ;	.line	288; "MC32F7361.c"	return (ret >> 4);
                                           	SWAPAR	r0x103C
                                           	ANDAI	0x0f
                                           	MOVRA	r0x103E
                                           	SWAPAR	r0x103D
                                           	MOVRA	r0x103F
                                           	ANDAI	0xf0
                                           	ORRA	r0x103E
                                           	XORRA	r0x103F
                                           	MOVAR	r0x103E
                                           	MOVRA	STK00
                                           	MOVAR	r0x103F
                                           ;	.line	289; "MC32F7361.c"	}
                                           	RETURN	
                                           ; exit point of _adc_convert
                                           
                                           ;***
                                           ;  pBlock Stats: dbName = C
                                           ;***
                                           ;entry:  _adc_config	;Function start
                                           ; 2 exit points
                                           ;has an exit
                                           ;functions called:
                                           ;   _delay_ms
                                           ;   _delay_ms
                                           ;4 compiler assigned registers:
                                           ;   r0x1048
                                           ;   STK02
                                           ;   STK01
                                           ;   STK00
                                           ;; Starting pCode block
                                           _adc_config	;Function start
                                           ; 2 exit points
                                           ;	.line	255; "MC32F7361.c"	P00PU = P00PD = 0; // 关闭上下拉
                                           	BCLR	_PDP0bits,0
                                           	CLRR	r0x1048
                                           	JBCLR	_PDP0bits,0
                                           	INCR	r0x1048
                                           	RRAR	r0x1048
                                           	JBSET	PFLAG,0
                                           	BCLR	_PUP0bits,0
                                           	JBCLR	PFLAG,0
                                           	BSET	_PUP0bits,0
                                           ;	.line	256; "MC32F7361.c"	P00OE = 0;         // 输入模式
                                           	BCLR	_OEP0bits,0
                                           ;	.line	258; "MC32F7361.c"	P00DC = 1; // 使能模拟功能
                                           	BSET	_P0ADCRbits,0
                                           ;	.line	260; "MC32F7361.c"	ADCR0 = 0x0A; // 选择通道AN0、12位精度、不开始ad转换、使能adc
                                           	MOVAI	0x0a
                                           	MOVRA	_ADCR0
                                           ;	.line	263; "MC32F7361.c"	ADCR1 = 0xE0;
                                           	MOVAI	0xe0
                                           	MOVRA	_ADCR1
                                           ;	.line	264; "MC32F7361.c"	ADCR2 = 0xFF; // adc采样时间，固定为15ADCLK，只能写0xFF
                                           	MOVAI	0xff
                                           	MOVRA	_ADCR2
                                           ;	.line	266; "MC32F7361.c"	ADEN = 1;    // 开启ADC
                                           	BSET	_ADCR0bits,0
                                           ;	.line	267; "MC32F7361.c"	delay_ms(1); // 等待adc模块稳定
                                           	MOVAI	0x01
                                           	MOVRA	STK02
                                           	MOVAI	0x00
                                           	MOVRA	STK01
                                           	MOVAI	0x00
                                           	MOVRA	STK00
                                           	MOVAI	0x00
                                           	CALL	_delay_ms
                                           ;	.line	268; "MC32F7361.c"	}
                                           	RETURN	
                                           ; exit point of _adc_config
                                           
                                           ;***
                                           ;  pBlock Stats: dbName = C
                                           ;***
                                           ;entry:  _IO_Init	;Function start
                                           ; 2 exit points
                                           ;has an exit
                                           ;; Starting pCode block
                                           _IO_Init	;Function start
                                           ; 2 exit points
                                           ;	.line	224; "MC32F7361.c"	IOP0 = 0x00;   // io口数据位
                                           	CLRR	_IOP0
                                           ;	.line	225; "MC32F7361.c"	OEP0 = 0x3F;   // io口方向 1:out  0:in
                                           	MOVAI	0x3f
                                           	MOVRA	_OEP0
                                           ;	.line	226; "MC32F7361.c"	PUP0 = 0x00;   // io口上拉电阻   1:enable  0:disable
                                           	CLRR	_PUP0
                                           ;	.line	227; "MC32F7361.c"	PDP0 = 0x00;   // io口下拉电阻   1:enable  0:disable
                                           	CLRR	_PDP0
                                           ;	.line	228; "MC32F7361.c"	P0ADCR = 0x00; // io类型选择  1:模拟输入  0:通用io
                                           	CLRR	_P0ADCR
                                           ;	.line	230; "MC32F7361.c"	IOP1 = 0x00;   // io口数据位
                                           	CLRR	_IOP1
                                           ;	.line	231; "MC32F7361.c"	OEP1 = 0xFF;   // io口方向 1:out  0:in
                                           	MOVAI	0xff
                                           	MOVRA	_OEP1
                                           ;	.line	232; "MC32F7361.c"	PUP1 = 0x00;   // io口上拉电阻   1:enable  0:disable
                                           	CLRR	_PUP1
                                           ;	.line	233; "MC32F7361.c"	PDP1 = 0x00;   // io口下拉电阻   1:enable  0:disable
                                           	CLRR	_PDP1
                                           ;	.line	234; "MC32F7361.c"	P1ADCR = 0x00; // io类型选择  1:模拟输入  0:通用io
                                           	CLRR	_P1ADCR
                                           ;	.line	236; "MC32F7361.c"	IOP2 = 0x00; // io口数据位
                                           	CLRR	_IOP2
                                           ;	.line	237; "MC32F7361.c"	OEP2 = 0x0F; // io口方向 1:out  0:in
                                           	MOVAI	0x0f
                                           	MOVRA	_OEP2
                                           ;	.line	238; "MC32F7361.c"	PUP2 = 0x00; // io口上拉电阻   1:enable  0:disable
                                           	CLRR	_PUP2
                                           ;	.line	239; "MC32F7361.c"	PDP2 = 0x00; // io口下拉电阻   1:enable  0:disablea
                                           	CLRR	_PDP2
                                           ;	.line	241; "MC32F7361.c"	PMOD = 0x00;  // P00、P01、P13 io端口值从寄存器读，推挽输出
                                           	CLRR	_PMOD
                                           ;	.line	242; "MC32F7361.c"	DRVCR = 0x80; // 普通驱动
                                           	MOVAI	0x80
                                           	MOVRA	_DRVCR
                                           ;	.line	245; "MC32F7361.c"	}
                                           	RETURN	
                                           ; exit point of _IO_Init
                                           
                                           ;***
                                           ;  pBlock Stats: dbName = C
                                           ;***
                                           ;entry:  _CLR_RAM	;Function start
                                           ; 2 exit points
                                           ;has an exit
                                           ;; Starting pCode block
                                           _CLR_RAM	;Function start
                                           ; 2 exit points
                                           ;	.line	209; "MC32F7361.c"	for (FSR0 = 0; FSR0 < 0xff; FSR0++) {
                                           	CLRR	_FSR0
                                           ;;unsigned compare: left < lit(0xFF=255), size=1
                                           _00118_DS_
                                           	MOVAI	0xff
                                           	RSUBAR	_FSR0
                                           	JBCLR	PFLAG,0
                                           	GOTO	_00116_DS_
                                           ;;genSkipc:3291: created from rifx:013B5EFC
                                           ;	.line	210; "MC32F7361.c"	INDF0 = 0x00;
                                           	CLRR	_INDF0
                                           ;	.line	209; "MC32F7361.c"	for (FSR0 = 0; FSR0 < 0xff; FSR0++) {
                                           	INCR	_FSR0
                                           	GOTO	_00118_DS_
                                           _00116_DS_
                                           ;	.line	212; "MC32F7361.c"	FSR0 = 0xFF;
                                           	MOVAI	0xff
                                           	MOVRA	_FSR0
                                           ;	.line	213; "MC32F7361.c"	INDF0 = 0x00;
                                           	CLRR	_INDF0
                                           ;	.line	214; "MC32F7361.c"	}
                                           	RETURN	
                                           ; exit point of _CLR_RAM
                                           
                                           ;***
                                           ;  pBlock Stats: dbName = C
                                           ;***
                                           ;entry:  _delay_ms	;Function start
                                           ; 2 exit points
                                           ;has an exit
                                           ;15 compiler assigned registers:
                                           ;   r0x103C
                                           ;   STK00
                                           ;   r0x103D
                                           ;   STK01
                                           ;   r0x103E
                                           ;   STK02
                                           ;   r0x103F
                                           ;   r0x1040
                                           ;   r0x1041
                                           ;   r0x1042
                                           ;   r0x1043
                                           ;   r0x1044
                                           ;   r0x1045
                                           ;   r0x1046
                                           ;   r0x1047
                                           ;; Starting pCode block
                                           _delay_ms	;Function start
                                           ; 2 exit points
                                           ;	.line	74; "MC32F7361.c"	void delay_ms(u32 xms)
                                           	MOVRA	r0x103C
                                           	MOVAR	STK00
                                           	MOVRA	r0x103D
                                           	MOVAR	STK01
                                           	MOVRA	r0x103E
                                           	MOVAR	STK02
                                           	MOVRA	r0x103F
                                           _00108_DS_
                                           ;	.line	76; "MC32F7361.c"	while (xms) {
                                           	MOVAR	r0x103F
                                           	ORAR	r0x103E
                                           	ORAR	r0x103D
                                           	ORAR	r0x103C
                                           	JBCLR	PFLAG,2
                                           	GOTO	_00111_DS_
                                           ;	.line	78; "MC32F7361.c"	while (i--) {
                                           	MOVAI	0x32
                                           	MOVRA	r0x1040
                                           	MOVAI	0x01
                                           	MOVRA	r0x1041
                                           	CLRR	r0x1042
                                           	CLRR	r0x1043
                                           _00105_DS_
                                           	MOVAR	r0x1040
                                           	MOVRA	r0x1044
                                           	MOVAR	r0x1041
                                           	MOVRA	r0x1045
                                           	MOVAR	r0x1042
                                           	MOVRA	r0x1046
                                           	MOVAR	r0x1043
                                           	MOVRA	r0x1047
                                           	MOVAI	0xff
                                           	ADDRA	r0x1040
                                           	MOVAI	0xff
                                           	JBSET	PFLAG,0
                                           	ADDRA	r0x1041
                                           	MOVAI	0xff
                                           	JBSET	PFLAG,0
                                           	ADDRA	r0x1042
                                           	MOVAI	0xff
                                           	JBSET	PFLAG,0
                                           	ADDRA	r0x1043
                                           	MOVAR	r0x1044
                                           	ORAR	r0x1045
                                           	ORAR	r0x1046
                                           	ORAR	r0x1047
                                           	JBCLR	PFLAG,2
                                           	GOTO	_00107_DS_
                                           ;	.line	79; "MC32F7361.c"	Nop();
                                           	nop
                                           	GOTO	_00105_DS_
                                           _00107_DS_
                                           ;	.line	81; "MC32F7361.c"	xms--;
                                           	MOVAI	0xff
                                           	ADDRA	r0x103F
                                           	MOVAI	0xff
                                           	JBSET	PFLAG,0
                                           	ADDRA	r0x103E
                                           	MOVAI	0xff
                                           	JBSET	PFLAG,0
                                           	ADDRA	r0x103D
                                           	MOVAI	0xff
                                           	JBSET	PFLAG,0
                                           	ADDRA	r0x103C
                                           	GOTO	_00108_DS_
                                           _00111_DS_
                                           ;	.line	83; "MC32F7361.c"	}
                                           	RETURN	
                                           ; exit point of _delay_ms
                                           
                                           
                                           ;	code size estimation:
                                           ;	  666+    0 =   666 instructions ( 1332 byte)
                                           
                                           	end


MEMORY USAGE MAP ('X' = Used,  '-' = Unused)

0000 : XXXXXXXXXXXXXXXX XXXXXXXXXXXXXXXX XXXXXXXXXXXXXXXX XXXXXXXXXXXXXXXX
0040 : XXXXXXXXXXXXXXXX XXXXXXXXXXXXXXXX XXXXXXXXXXXXXXXX XXXXXXXXXXXXXXXX
0080 : XXXXXXXXXXXXXXXX XXXXXXXXXXXXXXXX XXXXXXXXXXXXXXXX XXXXXXXXXXXXXXXX
00C0 : XXXXXXXXXXXXXXXX XXXXXXXXXXXXXXXX XXXXXXXXXXXXXXXX XXXXXXXXXXXXXXXX
0100 : XXXXXXXXXXXXXXXX XXXXXXXXXXXXXXXX XXXXXXXXXXXXXXXX XXXXXXXXXXXXXXXX
0140 : XXXXXXXXXXXXXXXX XXXXXXXXXXXXXXXX XXXXXXXXXXXXXXXX XXXXXXXXXXXXXXXX
0180 : XXXXXXXXXXXXXXXX XXXXXXXXXXXXXXXX XXXXXXXXXXXXXXXX XXXXXXXXXXXXXXXX
01C0 : XXXXXXXXXXXXXXXX XXXXXXXXXXXXXXXX XXXXXXXXXXXXXXXX XXXXXXXXXXXXXXXX
0200 : XXXXXXXXXXXXXXXX XXXXXXXXXXXXXXXX XXXXXXXXXXXXXXXX XXXXXXXXXXXXXXXX
0240 : XXXXXXXXXXXXXXXX XXXXXXXXXXXXXXXX XXXXXXXXXXXXXXXX XXXXXXXXXXXXXXXX
0280 : XXXXXXXXXXXXXXXX XXXXXXXXXXXXXXXX XXXXXXXXXXXXXXXX XXXXXXXXXXXXXXXX
02C0 : XXXXXXXXXXXXXXXX XXXXXXXXXXXXXXXX XXXXXXXXXXXXXXXX XXXXXXXXXXXXXXXX
0300 : XXXXXXXXXXXXXXXX XXXXXXXXXXXXXXXX XXXXXXXXXXXXXXXX XXXXXXXXXXXXXXXX
0340 : XXXXXXXXXXXXXXXX XXXXXXXXXXXXXXXX XXXXXXXXXXXXXXXX XXXXXXXXXXXXXXXX
0380 : XXXXXXXXXXXXXXXX XXXXXXXXXXXXXXXX XXXXXXXXXXXXXXXX XXXXXXXXXXXXXXXX
03C0 : XXXXXXXXXXXXXXXX XXXXXXXXXXXXXXXX XXXXXXXXXXXXXXXX XXXXXXXXXXXXXXXX
0400 : XXXXXXXXXXXXXXXX XXXXXXXXXXXXXXXX XXXXXXXXXXXXXXXX XXXXXXXXXXXXXXXX
0440 : XXXXXXXXXXXXXXXX XXXXXXXXXXXXXXXX XXXXXXXXXXXXXXXX XXXXXXXXXXXXXXXX
0480 : XXXXXXXXXXXXXXXX XXXXXXXXXXXXXXXX XXXXXXXXXXXXXXXX XXXXXXXXXXXXXXXX
04C0 : XXXXXXXXXXXXXXXX XXXXXXXXXXXXXXXX XXXXXXXXXXXXXXXX XXXXXXXXXXXXXXXX
0500 : XXXXXXXXXXXXXXXX XXXXXXXXXXXXXXXX XXXXXXXXXXXXXXXX XXXXXXXXXXXXXXXX
0540 : XXXXXXXXXXXXXXXX XXXXXXXXXXXXXXXX XXXXXXXXXXXXXXXX XXXXXXXXXXXXXXXX
0580 : XXXXXXXXXXXXXXXX XXXXXXXXXXXXXXXX XXXXXXXXXXXXXXXX XXXXXXXXXXXXXXXX
05C0 : XXXXXXXXXXXXXXXX XXXXXXXXXXXXXXXX XXXXXXXXXXXXXXXX XXXXXXXXXXXXXXXX
0600 : XXXXXXXXXXXXXXXX XXXXXXXXXXXXXXXX XXXXXXXXXXXXXXXX XXXXXXXXXXXXXXXX
0640 : XX-------------- ---------------- ---------------- ----------------

All other memory blocks unused.

Program Memory Words Used:   801

